-- MySQL dump 10.13  Distrib 5.7.17, for Linux (x86_64)
--
-- Host: localhost    Database: energetics
-- ------------------------------------------------------
-- Server version	5.7.17-0ubuntu0.16.04.1

/*!40101 SET @OLD_CHARACTER_SET_CLIENT=@@CHARACTER_SET_CLIENT */;
/*!40101 SET @OLD_CHARACTER_SET_RESULTS=@@CHARACTER_SET_RESULTS */;
/*!40101 SET @OLD_COLLATION_CONNECTION=@@COLLATION_CONNECTION */;
/*!40101 SET NAMES utf8 */;
/*!40103 SET @OLD_TIME_ZONE=@@TIME_ZONE */;
/*!40103 SET TIME_ZONE='+00:00' */;
/*!40014 SET @OLD_UNIQUE_CHECKS=@@UNIQUE_CHECKS, UNIQUE_CHECKS=0 */;
/*!40014 SET @OLD_FOREIGN_KEY_CHECKS=@@FOREIGN_KEY_CHECKS, FOREIGN_KEY_CHECKS=0 */;
/*!40101 SET @OLD_SQL_MODE=@@SQL_MODE, SQL_MODE='NO_AUTO_VALUE_ON_ZERO' */;
/*!40111 SET @OLD_SQL_NOTES=@@SQL_NOTES, SQL_NOTES=0 */;

--
-- Table structure for table `Cells`
--

DROP TABLE IF EXISTS `Cells`;
/*!40101 SET @saved_cs_client     = @@character_set_client */;
/*!40101 SET character_set_client = utf8 */;
CREATE TABLE `Cells` (
  `id` int(11) NOT NULL AUTO_INCREMENT,
  `pattern_id` int(11) DEFAULT NULL,
  PRIMARY KEY (`id`)
) ENGINE=InnoDB AUTO_INCREMENT=323 DEFAULT CHARSET=utf8 COLLATE=utf8_unicode_ci;
/*!40101 SET character_set_client = @saved_cs_client */;

--
-- Dumping data for table `Cells`
--

LOCK TABLES `Cells` WRITE;
/*!40000 ALTER TABLE `Cells` DISABLE KEYS */;
INSERT INTO `Cells` VALUES (1,1),(2,1),(3,1),(4,1),(5,1),(6,1),(7,1),(8,1),(9,1),(10,1),(11,1),(12,1),(13,1),(14,1),(15,1),(16,1),(17,1),(18,1),(19,1),(20,1),(21,1),(22,1),(23,1),(24,2),(25,2),(26,2),(27,2),(28,2),(29,2),(30,2),(31,2),(32,2),(33,2),(34,2),(35,2),(36,2),(37,2),(38,2),(39,2),(40,2),(41,2),(42,2),(43,2),(44,2),(45,2),(46,2),(47,3),(48,3),(49,3),(50,3),(51,3),(52,3),(53,3),(54,3),(55,3),(56,3),(57,3),(58,3),(59,3),(60,3),(61,3),(62,3),(63,3),(64,3),(65,3),(66,3),(67,3),(68,3),(69,3),(70,4),(71,4),(72,4),(73,4),(74,4),(75,4),(76,4),(77,4),(78,4),(79,4),(80,4),(81,4),(82,4),(83,4),(84,4),(85,4),(86,4),(87,4),(88,4),(89,4),(90,4),(91,4),(92,4),(93,5),(94,5),(95,5),(96,5),(97,5),(98,5),(99,5),(100,5),(101,5),(102,5),(103,5),(104,5),(105,5),(106,5),(107,5),(108,5),(109,5),(110,5),(111,5),(112,5),(113,5),(114,5),(115,5),(116,6),(117,6),(118,6),(119,6),(120,6),(121,6),(122,6),(123,6),(124,6),(125,6),(126,6),(127,6),(128,6),(129,6),(130,6),(131,6),(132,6),(133,6),(134,6),(135,6),(136,6),(137,6),(138,6),(139,7),(140,7),(141,7),(142,7),(143,7),(144,7),(145,7),(146,7),(147,7),(148,7),(149,7),(150,7),(151,7),(152,7),(153,7),(154,7),(155,7),(156,7),(157,7),(158,7),(159,7),(160,7),(161,7),(162,8),(163,8),(164,8),(165,8),(166,8),(167,8),(168,8),(169,8),(170,8),(171,8),(172,8),(173,8),(174,8),(175,8),(176,8),(177,8),(178,8),(179,8),(180,8),(181,8),(182,8),(183,8),(184,8),(185,9),(186,9),(187,9),(188,9),(189,9),(190,9),(191,9),(192,9),(193,9),(194,9),(195,9),(196,9),(197,9),(198,9),(199,9),(200,9),(201,9),(202,9),(203,9),(204,9),(205,9),(206,9),(207,9),(208,10),(209,10),(210,10),(211,10),(212,10),(213,10),(214,10),(215,10),(216,10),(217,10),(218,10),(219,10),(220,10),(221,10),(222,10),(223,10),(224,10),(225,10),(226,10),(227,10),(228,10),(229,10),(230,10),(231,11),(232,11),(233,11),(234,11),(235,11),(236,11),(237,11),(238,11),(239,11),(240,11),(241,11),(242,11),(243,11),(244,11),(245,11),(246,11),(247,11),(248,11),(249,11),(250,11),(251,11),(252,11),(253,11),(254,12),(255,12),(256,12),(257,12),(258,12),(259,12),(260,12),(261,12),(262,12),(263,12),(264,12),(265,12),(266,12),(267,12),(268,12),(269,12),(270,12),(271,12),(272,12),(273,12),(274,12),(275,12),(276,12),(277,13),(278,13),(279,13),(280,13),(281,13),(282,13),(283,13),(284,13),(285,13),(286,13),(287,13),(288,13),(289,13),(290,13),(291,13),(292,13),(293,13),(294,13),(295,13),(296,13),(297,13),(298,13),(299,13),(300,14),(301,14),(302,14),(303,14),(304,14),(305,14),(306,14),(307,14),(308,14),(309,14),(310,14),(311,14),(312,14),(313,14),(314,14),(315,14),(316,14),(317,14),(318,14),(319,14),(320,14),(321,14),(322,14);
/*!40000 ALTER TABLE `Cells` ENABLE KEYS */;
UNLOCK TABLES;

--
-- Table structure for table `Patterns`
--

DROP TABLE IF EXISTS `Patterns`;
/*!40101 SET @saved_cs_client     = @@character_set_client */;
/*!40101 SET character_set_client = utf8 */;
CREATE TABLE `Patterns` (
  `id` int(11) NOT NULL AUTO_INCREMENT,
  `name` varchar(2) COLLATE utf8_unicode_ci DEFAULT NULL,
  `day` varchar(45) COLLATE utf8_unicode_ci DEFAULT NULL,
  PRIMARY KEY (`id`)
) ENGINE=InnoDB AUTO_INCREMENT=15 DEFAULT CHARSET=utf8 COLLATE=utf8_unicode_ci;
/*!40101 SET character_set_client = @saved_cs_client */;

--
-- Dumping data for table `Patterns`
--

LOCK TABLES `Patterns` WRITE;
/*!40000 ALTER TABLE `Patterns` DISABLE KEYS */;
INSERT INTO `Patterns` VALUES (1,'X','Friday'),(2,'X','Monday'),(3,'X','Saturday'),(4,'X','Sunday'),(5,'X','Thursday'),(6,'X','Tuesday'),(7,'X','Wednesday'),(8,'Y','Friday'),(9,'Y','Monday'),(10,'Y','Saturday'),(11,'Y','Sunday'),(12,'Y','Thursday'),(13,'Y','Tuesday'),(14,'Y','Wednesday');
/*!40000 ALTER TABLE `Patterns` ENABLE KEYS */;
UNLOCK TABLES;

--
-- Table structure for table `errors`
--

DROP TABLE IF EXISTS `errors`;
/*!40101 SET @saved_cs_client     = @@character_set_client */;
/*!40101 SET character_set_client = utf8 */;
CREATE TABLE `errors` (
  `id` int(11) NOT NULL AUTO_INCREMENT,
  `error` decimal(20,10) DEFAULT NULL,
  PRIMARY KEY (`id`)
) ENGINE=InnoDB AUTO_INCREMENT=8 DEFAULT CHARSET=utf8 COLLATE=utf8_unicode_ci;
/*!40101 SET character_set_client = @saved_cs_client */;

--
-- Dumping data for table `errors`
--

LOCK TABLES `errors` WRITE;
/*!40000 ALTER TABLE `errors` DISABLE KEYS */;
INSERT INTO `errors` VALUES (1,0.0236550000),(2,0.0050720000),(3,0.0052910000),(4,0.0069630000),(5,0.0083030000),(6,0.0046720000),(7,0.0054040000);
/*!40000 ALTER TABLE `errors` ENABLE KEYS */;
UNLOCK TABLES;

--
-- Table structure for table `measurements`
--

DROP TABLE IF EXISTS `measurements`;
/*!40101 SET @saved_cs_client     = @@character_set_client */;
/*!40101 SET character_set_client = utf8 */;
CREATE TABLE `measurements` (
  `id` int(11) NOT NULL AUTO_INCREMENT,
  `date` varchar(45) COLLATE utf8_unicode_ci DEFAULT NULL,
  `time` varchar(45) COLLATE utf8_unicode_ci DEFAULT NULL,
  `consumption` decimal(20,10) DEFAULT NULL,
  `cell_id` int(11) DEFAULT NULL,
  PRIMARY KEY (`id`)
) ENGINE=InnoDB AUTO_INCREMENT=1289 DEFAULT CHARSET=utf8 COLLATE=utf8_unicode_ci;
/*!40101 SET character_set_client = @saved_cs_client */;

--
-- Dumping data for table `measurements`
--

LOCK TABLES `measurements` WRITE;
/*!40000 ALTER TABLE `measurements` DISABLE KEYS */;
INSERT INTO `measurements` VALUES (1,NULL,NULL,1.0000000000,1),(2,NULL,NULL,0.9905000000,1),(3,NULL,NULL,0.9910000000,1),(4,NULL,NULL,0.9947000000,1),(5,NULL,NULL,1.0057000000,2),(6,NULL,NULL,0.9951000000,2),(7,NULL,NULL,0.9984000000,2),(8,NULL,NULL,0.9926000000,2),(9,NULL,NULL,0.9999000000,3),(10,NULL,NULL,0.9949000000,3),(11,NULL,NULL,0.9965000000,3),(12,NULL,NULL,1.0037000000,3),(13,NULL,NULL,0.9959000000,4),(14,NULL,NULL,1.0016000000,4),(15,NULL,NULL,0.9905000000,4),(16,NULL,NULL,1.0039000000,4),(17,NULL,NULL,1.0215000000,5),(18,NULL,NULL,1.0103000000,5),(19,NULL,NULL,1.0000000000,5),(20,NULL,NULL,0.9921000000,5),(21,NULL,NULL,1.0062000000,6),(22,NULL,NULL,1.0083000000,6),(23,NULL,NULL,0.9936000000,6),(24,NULL,NULL,0.9818000000,6),(25,NULL,NULL,1.0312000000,7),(26,NULL,NULL,1.0190000000,7),(27,NULL,NULL,0.9940000000,7),(28,NULL,NULL,1.0073000000,7),(29,NULL,NULL,1.0229000000,8),(30,NULL,NULL,1.0083000000,8),(31,NULL,NULL,1.0094000000,8),(32,NULL,NULL,1.0023000000,8),(33,NULL,NULL,1.0117000000,9),(34,NULL,NULL,1.0074000000,9),(35,NULL,NULL,0.9984000000,9),(36,NULL,NULL,1.0099000000,9),(37,NULL,NULL,1.0173000000,10),(38,NULL,NULL,1.0167000000,10),(39,NULL,NULL,1.0122000000,10),(40,NULL,NULL,1.0057000000,10),(41,NULL,NULL,1.0102000000,11),(42,NULL,NULL,1.0059000000,11),(43,NULL,NULL,1.0071000000,11),(44,NULL,NULL,1.0004000000,11),(45,NULL,NULL,0.9996000000,12),(46,NULL,NULL,1.0041000000,12),(47,NULL,NULL,0.9987000000,12),(48,NULL,NULL,1.0082000000,12),(49,NULL,NULL,1.0090000000,13),(50,NULL,NULL,1.0044000000,13),(51,NULL,NULL,1.0037000000,13),(52,NULL,NULL,0.9930000000,13),(53,NULL,NULL,0.9938000000,14),(54,NULL,NULL,1.0019000000,14),(55,NULL,NULL,0.9981000000,14),(56,NULL,NULL,0.9936000000,14),(57,NULL,NULL,1.0009000000,15),(58,NULL,NULL,1.0131000000,15),(59,NULL,NULL,0.9997000000,15),(60,NULL,NULL,0.9887000000,15),(61,NULL,NULL,0.9976000000,16),(62,NULL,NULL,1.0009000000,16),(63,NULL,NULL,1.0004000000,16),(64,NULL,NULL,0.9906000000,16),(65,NULL,NULL,0.9914000000,17),(66,NULL,NULL,0.9929000000,17),(67,NULL,NULL,0.9956000000,17),(68,NULL,NULL,1.0024000000,17),(69,NULL,NULL,0.9882000000,18),(70,NULL,NULL,0.9987000000,18),(71,NULL,NULL,1.0025000000,18),(72,NULL,NULL,0.9965000000,18),(73,NULL,NULL,0.9895000000,19),(74,NULL,NULL,0.9942000000,19),(75,NULL,NULL,0.9977000000,19),(76,NULL,NULL,0.9889000000,19),(77,NULL,NULL,0.9972000000,20),(78,NULL,NULL,0.9989000000,20),(79,NULL,NULL,0.9866000000,20),(80,NULL,NULL,1.0043000000,20),(81,NULL,NULL,0.9956000000,21),(82,NULL,NULL,0.9952000000,21),(83,NULL,NULL,0.9898000000,21),(84,NULL,NULL,0.9983000000,21),(85,NULL,NULL,0.9894000000,22),(86,NULL,NULL,0.9936000000,22),(87,NULL,NULL,0.9824000000,22),(88,NULL,NULL,0.9762000000,22),(89,NULL,NULL,0.9961000000,23),(90,NULL,NULL,0.9830000000,23),(91,NULL,NULL,0.9901000000,23),(92,NULL,NULL,0.9902000000,23),(93,NULL,NULL,0.7876000000,24),(94,NULL,NULL,0.9853000000,24),(95,NULL,NULL,0.9899000000,24),(96,NULL,NULL,0.9916000000,24),(97,NULL,NULL,0.9980000000,25),(98,NULL,NULL,0.9956000000,25),(99,NULL,NULL,0.9937000000,25),(100,NULL,NULL,0.9946000000,25),(101,NULL,NULL,1.0038000000,26),(102,NULL,NULL,1.0072000000,26),(103,NULL,NULL,1.0034000000,26),(104,NULL,NULL,0.9977000000,26),(105,NULL,NULL,1.0125000000,27),(106,NULL,NULL,1.0019000000,27),(107,NULL,NULL,1.0262000000,27),(108,NULL,NULL,1.0221000000,27),(109,NULL,NULL,1.0334000000,28),(110,NULL,NULL,1.0178000000,28),(111,NULL,NULL,1.0165000000,28),(112,NULL,NULL,1.0180000000,28),(113,NULL,NULL,1.0427000000,29),(114,NULL,NULL,1.0282000000,29),(115,NULL,NULL,1.0387000000,29),(116,NULL,NULL,1.0462000000,29),(117,NULL,NULL,1.0905000000,30),(118,NULL,NULL,1.0526000000,30),(119,NULL,NULL,1.0153000000,30),(120,NULL,NULL,1.0302000000,30),(121,NULL,NULL,1.0320000000,31),(122,NULL,NULL,1.0251000000,31),(123,NULL,NULL,1.0200000000,31),(124,NULL,NULL,1.0211000000,31),(125,NULL,NULL,1.0378000000,32),(126,NULL,NULL,1.0091000000,32),(127,NULL,NULL,1.0170000000,32),(128,NULL,NULL,1.0136000000,32),(129,NULL,NULL,1.0178000000,33),(130,NULL,NULL,1.0060000000,33),(131,NULL,NULL,1.0071000000,33),(132,NULL,NULL,1.0161000000,33),(133,NULL,NULL,1.0008000000,34),(134,NULL,NULL,1.0064000000,34),(135,NULL,NULL,1.0003000000,34),(136,NULL,NULL,1.0068000000,34),(137,NULL,NULL,1.0018000000,35),(138,NULL,NULL,0.9982000000,35),(139,NULL,NULL,1.0012000000,35),(140,NULL,NULL,0.9960000000,35),(141,NULL,NULL,1.0117000000,36),(142,NULL,NULL,1.0104000000,36),(143,NULL,NULL,0.9976000000,36),(144,NULL,NULL,1.0011000000,36),(145,NULL,NULL,0.9982000000,37),(146,NULL,NULL,1.0012000000,37),(147,NULL,NULL,0.9955000000,37),(148,NULL,NULL,0.9876000000,37),(149,NULL,NULL,0.9999000000,38),(150,NULL,NULL,1.0013000000,38),(151,NULL,NULL,0.9969000000,38),(152,NULL,NULL,0.9973000000,38),(153,NULL,NULL,0.9918000000,39),(154,NULL,NULL,0.9964000000,39),(155,NULL,NULL,0.9914000000,39),(156,NULL,NULL,0.9918000000,39),(157,NULL,NULL,0.9787000000,40),(158,NULL,NULL,0.9925000000,40),(159,NULL,NULL,0.9918000000,40),(160,NULL,NULL,0.9945000000,40),(161,NULL,NULL,0.9957000000,41),(162,NULL,NULL,0.9954000000,41),(163,NULL,NULL,0.9965000000,41),(164,NULL,NULL,0.9896000000,41),(165,NULL,NULL,0.9866000000,42),(166,NULL,NULL,0.9930000000,42),(167,NULL,NULL,0.9959000000,42),(168,NULL,NULL,0.9834000000,42),(169,NULL,NULL,0.9873000000,43),(170,NULL,NULL,0.9951000000,43),(171,NULL,NULL,0.9955000000,43),(172,NULL,NULL,0.9898000000,43),(173,NULL,NULL,0.9822000000,44),(174,NULL,NULL,0.9927000000,44),(175,NULL,NULL,0.9949000000,44),(176,NULL,NULL,0.9909000000,44),(177,NULL,NULL,0.9841000000,45),(178,NULL,NULL,0.9910000000,45),(179,NULL,NULL,0.9931000000,45),(180,NULL,NULL,0.9780000000,45),(181,NULL,NULL,0.9830000000,46),(182,NULL,NULL,0.9914000000,46),(183,NULL,NULL,0.9890000000,46),(184,NULL,NULL,0.9922000000,46),(185,NULL,NULL,0.9013000000,47),(186,NULL,NULL,0.9954000000,47),(187,NULL,NULL,0.9876000000,47),(188,NULL,NULL,0.9870000000,47),(189,NULL,NULL,1.0093000000,48),(190,NULL,NULL,1.0005000000,48),(191,NULL,NULL,1.0069000000,48),(192,NULL,NULL,0.9931000000,48),(193,NULL,NULL,0.9962000000,49),(194,NULL,NULL,0.9933000000,49),(195,NULL,NULL,1.0026000000,49),(196,NULL,NULL,0.9963000000,49),(197,NULL,NULL,0.9981000000,50),(198,NULL,NULL,0.9935000000,50),(199,NULL,NULL,0.9867000000,50),(200,NULL,NULL,1.0129000000,50),(201,NULL,NULL,1.0150000000,51),(202,NULL,NULL,1.0078000000,51),(203,NULL,NULL,1.0093000000,51),(204,NULL,NULL,0.9982000000,51),(205,NULL,NULL,1.0048000000,52),(206,NULL,NULL,1.0087000000,52),(207,NULL,NULL,0.9980000000,52),(208,NULL,NULL,0.9928000000,52),(209,NULL,NULL,1.0313000000,53),(210,NULL,NULL,1.0134000000,53),(211,NULL,NULL,0.9978000000,53),(212,NULL,NULL,1.0091000000,53),(213,NULL,NULL,1.0197000000,54),(214,NULL,NULL,1.0052000000,54),(215,NULL,NULL,1.0055000000,54),(216,NULL,NULL,1.0086000000,54),(217,NULL,NULL,1.0243000000,55),(218,NULL,NULL,1.0096000000,55),(219,NULL,NULL,1.0036000000,55),(220,NULL,NULL,1.0083000000,55),(221,NULL,NULL,1.0179000000,56),(222,NULL,NULL,1.0173000000,56),(223,NULL,NULL,1.0025000000,56),(224,NULL,NULL,1.0129000000,56),(225,NULL,NULL,1.0127000000,57),(226,NULL,NULL,1.0128000000,57),(227,NULL,NULL,1.0026000000,57),(228,NULL,NULL,0.9997000000,57),(229,NULL,NULL,0.9956000000,58),(230,NULL,NULL,1.0143000000,58),(231,NULL,NULL,1.0010000000,58),(232,NULL,NULL,1.0101000000,58),(233,NULL,NULL,1.0080000000,59),(234,NULL,NULL,1.0008000000,59),(235,NULL,NULL,0.9999000000,59),(236,NULL,NULL,0.9986000000,59),(237,NULL,NULL,1.0076000000,60),(238,NULL,NULL,0.9933000000,60),(239,NULL,NULL,0.9989000000,60),(240,NULL,NULL,0.9914000000,60),(241,NULL,NULL,1.0016000000,61),(242,NULL,NULL,1.0083000000,61),(243,NULL,NULL,1.0049000000,61),(244,NULL,NULL,0.9980000000,61),(245,NULL,NULL,0.9982000000,62),(246,NULL,NULL,0.9950000000,62),(247,NULL,NULL,1.0079000000,62),(248,NULL,NULL,0.9975000000,62),(249,NULL,NULL,0.9955000000,63),(250,NULL,NULL,0.9937000000,63),(251,NULL,NULL,0.9970000000,63),(252,NULL,NULL,1.0014000000,63),(253,NULL,NULL,0.9998000000,64),(254,NULL,NULL,0.9994000000,64),(255,NULL,NULL,1.0022000000,64),(256,NULL,NULL,0.9974000000,64),(257,NULL,NULL,0.9901000000,65),(258,NULL,NULL,0.9998000000,65),(259,NULL,NULL,0.9999000000,65),(260,NULL,NULL,0.9999000000,65),(261,NULL,NULL,0.9935000000,66),(262,NULL,NULL,0.9934000000,66),(263,NULL,NULL,0.9913000000,66),(264,NULL,NULL,0.9876000000,66),(265,NULL,NULL,0.9919000000,67),(266,NULL,NULL,0.9948000000,67),(267,NULL,NULL,0.9959000000,67),(268,NULL,NULL,0.9928000000,67),(269,NULL,NULL,0.9861000000,68),(270,NULL,NULL,0.9931000000,68),(271,NULL,NULL,0.9844000000,68),(272,NULL,NULL,0.9787000000,68),(273,NULL,NULL,0.9857000000,69),(274,NULL,NULL,1.0031000000,69),(275,NULL,NULL,0.9841000000,69),(276,NULL,NULL,0.9994000000,69),(277,NULL,NULL,0.9614000000,70),(278,NULL,NULL,0.9985000000,70),(279,NULL,NULL,0.9916000000,70),(280,NULL,NULL,0.9946000000,70),(281,NULL,NULL,1.0030000000,71),(282,NULL,NULL,0.9929000000,71),(283,NULL,NULL,1.0017000000,71),(284,NULL,NULL,0.9967000000,71),(285,NULL,NULL,1.0006000000,72),(286,NULL,NULL,0.9917000000,72),(287,NULL,NULL,1.0003000000,72),(288,NULL,NULL,1.0032000000,72),(289,NULL,NULL,0.9953000000,73),(290,NULL,NULL,0.9939000000,73),(291,NULL,NULL,0.9894000000,73),(292,NULL,NULL,1.0086000000,73),(293,NULL,NULL,1.0181000000,74),(294,NULL,NULL,1.0123000000,74),(295,NULL,NULL,1.0061000000,74),(296,NULL,NULL,0.9939000000,74),(297,NULL,NULL,1.0072000000,75),(298,NULL,NULL,0.9967000000,75),(299,NULL,NULL,0.9999000000,75),(300,NULL,NULL,0.9869000000,75),(301,NULL,NULL,1.0162000000,76),(302,NULL,NULL,1.0127000000,76),(303,NULL,NULL,1.0104000000,76),(304,NULL,NULL,1.0206000000,76),(305,NULL,NULL,1.0176000000,77),(306,NULL,NULL,1.0095000000,77),(307,NULL,NULL,1.0081000000,77),(308,NULL,NULL,1.0098000000,77),(309,NULL,NULL,1.0102000000,78),(310,NULL,NULL,1.0156000000,78),(311,NULL,NULL,1.0046000000,78),(312,NULL,NULL,1.0213000000,78),(313,NULL,NULL,1.0158000000,79),(314,NULL,NULL,1.0101000000,79),(315,NULL,NULL,1.0078000000,79),(316,NULL,NULL,1.0062000000,79),(317,NULL,NULL,1.0154000000,80),(318,NULL,NULL,1.0115000000,80),(319,NULL,NULL,0.9970000000,80),(320,NULL,NULL,1.0151000000,80),(321,NULL,NULL,1.0089000000,81),(322,NULL,NULL,0.9957000000,81),(323,NULL,NULL,1.0018000000,81),(324,NULL,NULL,1.0058000000,81),(325,NULL,NULL,1.0031000000,82),(326,NULL,NULL,1.0062000000,82),(327,NULL,NULL,1.0034000000,82),(328,NULL,NULL,0.9981000000,82),(329,NULL,NULL,1.0008000000,83),(330,NULL,NULL,1.0002000000,83),(331,NULL,NULL,0.9985000000,83),(332,NULL,NULL,0.9876000000,83),(333,NULL,NULL,1.0031000000,84),(334,NULL,NULL,1.0098000000,84),(335,NULL,NULL,0.9958000000,84),(336,NULL,NULL,1.0009000000,84),(337,NULL,NULL,1.0011000000,85),(338,NULL,NULL,0.9989000000,85),(339,NULL,NULL,1.0014000000,85),(340,NULL,NULL,0.9974000000,85),(341,NULL,NULL,0.9977000000,86),(342,NULL,NULL,0.9914000000,86),(343,NULL,NULL,0.9898000000,86),(344,NULL,NULL,1.0114000000,86),(345,NULL,NULL,1.0011000000,87),(346,NULL,NULL,0.9983000000,87),(347,NULL,NULL,1.0022000000,87),(348,NULL,NULL,1.0006000000,87),(349,NULL,NULL,0.9986000000,88),(350,NULL,NULL,0.9987000000,88),(351,NULL,NULL,0.9938000000,88),(352,NULL,NULL,0.9996000000,88),(353,NULL,NULL,0.9941000000,89),(354,NULL,NULL,0.9917000000,89),(355,NULL,NULL,0.9984000000,89),(356,NULL,NULL,0.9934000000,89),(357,NULL,NULL,0.9925000000,90),(358,NULL,NULL,0.9940000000,90),(359,NULL,NULL,1.0045000000,90),(360,NULL,NULL,0.9904000000,90),(361,NULL,NULL,0.9840000000,91),(362,NULL,NULL,0.9868000000,91),(363,NULL,NULL,0.9855000000,91),(364,NULL,NULL,0.9686000000,91),(365,NULL,NULL,0.9501000000,92),(366,NULL,NULL,0.9826000000,92),(367,NULL,NULL,0.9832000000,92),(368,NULL,NULL,0.9820000000,92),(369,NULL,NULL,1.2756000000,93),(370,NULL,NULL,0.9931000000,93),(371,NULL,NULL,0.9892000000,93),(372,NULL,NULL,0.9921000000,93),(373,NULL,NULL,1.0053000000,94),(374,NULL,NULL,0.9986000000,94),(375,NULL,NULL,0.9909000000,94),(376,NULL,NULL,1.0006000000,94),(377,NULL,NULL,1.0046000000,95),(378,NULL,NULL,0.9950000000,95),(379,NULL,NULL,0.9998000000,95),(380,NULL,NULL,1.0028000000,95),(381,NULL,NULL,1.0003000000,96),(382,NULL,NULL,0.9905000000,96),(383,NULL,NULL,0.9870000000,96),(384,NULL,NULL,1.0127000000,96),(385,NULL,NULL,1.0176000000,97),(386,NULL,NULL,1.0160000000,97),(387,NULL,NULL,1.0026000000,97),(388,NULL,NULL,1.0023000000,97),(389,NULL,NULL,1.0083000000,98),(390,NULL,NULL,1.0107000000,98),(391,NULL,NULL,1.0237000000,98),(392,NULL,NULL,1.0222000000,98),(393,NULL,NULL,1.0581000000,99),(394,NULL,NULL,1.0310000000,99),(395,NULL,NULL,1.0219000000,99),(396,NULL,NULL,1.0225000000,99),(397,NULL,NULL,1.0355000000,100),(398,NULL,NULL,1.0170000000,100),(399,NULL,NULL,1.0260000000,100),(400,NULL,NULL,1.0296000000,100),(401,NULL,NULL,1.0227000000,101),(402,NULL,NULL,1.0154000000,101),(403,NULL,NULL,1.0075000000,101),(404,NULL,NULL,1.0183000000,101),(405,NULL,NULL,1.0166000000,102),(406,NULL,NULL,1.0057000000,102),(407,NULL,NULL,1.0142000000,102),(408,NULL,NULL,1.0044000000,102),(409,NULL,NULL,1.0035000000,103),(410,NULL,NULL,1.0122000000,103),(411,NULL,NULL,0.9988000000,103),(412,NULL,NULL,0.9972000000,103),(413,NULL,NULL,1.0029000000,104),(414,NULL,NULL,0.9967000000,104),(415,NULL,NULL,1.0004000000,104),(416,NULL,NULL,1.0053000000,104),(417,NULL,NULL,1.0037000000,105),(418,NULL,NULL,1.0081000000,105),(419,NULL,NULL,1.0011000000,105),(420,NULL,NULL,0.9985000000,105),(421,NULL,NULL,0.9981000000,106),(422,NULL,NULL,0.9985000000,106),(423,NULL,NULL,0.9963000000,106),(424,NULL,NULL,0.9894000000,106),(425,NULL,NULL,0.9916000000,107),(426,NULL,NULL,0.9987000000,107),(427,NULL,NULL,0.9983000000,107),(428,NULL,NULL,0.9941000000,107),(429,NULL,NULL,0.9899000000,108),(430,NULL,NULL,0.9917000000,108),(431,NULL,NULL,0.9958000000,108),(432,NULL,NULL,0.9936000000,108),(433,NULL,NULL,0.9894000000,109),(434,NULL,NULL,0.9919000000,109),(435,NULL,NULL,0.9914000000,109),(436,NULL,NULL,0.9885000000,109),(437,NULL,NULL,0.9895000000,110),(438,NULL,NULL,0.9921000000,110),(439,NULL,NULL,0.9946000000,110),(440,NULL,NULL,0.9903000000,110),(441,NULL,NULL,0.9845000000,111),(442,NULL,NULL,0.9948000000,111),(443,NULL,NULL,0.9943000000,111),(444,NULL,NULL,0.9919000000,111),(445,NULL,NULL,0.9852000000,112),(446,NULL,NULL,0.9897000000,112),(447,NULL,NULL,0.9931000000,112),(448,NULL,NULL,0.9834000000,112),(449,NULL,NULL,0.9816000000,113),(450,NULL,NULL,0.9916000000,113),(451,NULL,NULL,0.9960000000,113),(452,NULL,NULL,0.9889000000,113),(453,NULL,NULL,0.9916000000,114),(454,NULL,NULL,0.9899000000,114),(455,NULL,NULL,0.9840000000,114),(456,NULL,NULL,0.9727000000,114),(457,NULL,NULL,0.9930000000,115),(458,NULL,NULL,0.9892000000,115),(459,NULL,NULL,0.9837000000,115),(460,NULL,NULL,0.9974000000,115),(461,NULL,NULL,0.9458000000,116),(462,NULL,NULL,0.9852000000,116),(463,NULL,NULL,0.9916000000,116),(464,NULL,NULL,0.9977000000,116),(465,NULL,NULL,0.9940000000,117),(466,NULL,NULL,1.0026000000,117),(467,NULL,NULL,0.9964000000,117),(468,NULL,NULL,0.9992000000,117),(469,NULL,NULL,0.9963000000,118),(470,NULL,NULL,0.9989000000,118),(471,NULL,NULL,0.9925000000,118),(472,NULL,NULL,1.0032000000,118),(473,NULL,NULL,0.9997000000,119),(474,NULL,NULL,0.9918000000,119),(475,NULL,NULL,0.9922000000,119),(476,NULL,NULL,1.0091000000,119),(477,NULL,NULL,1.0228000000,120),(478,NULL,NULL,1.0038000000,120),(479,NULL,NULL,1.0042000000,120),(480,NULL,NULL,1.0135000000,120),(481,NULL,NULL,1.0115000000,121),(482,NULL,NULL,1.0106000000,121),(483,NULL,NULL,1.0230000000,121),(484,NULL,NULL,1.0223000000,121),(485,NULL,NULL,1.0539000000,122),(486,NULL,NULL,1.0354000000,122),(487,NULL,NULL,1.0189000000,122),(488,NULL,NULL,1.0271000000,122),(489,NULL,NULL,1.0325000000,123),(490,NULL,NULL,1.0212000000,123),(491,NULL,NULL,1.0182000000,123),(492,NULL,NULL,1.0191000000,123),(493,NULL,NULL,1.0234000000,124),(494,NULL,NULL,1.0175000000,124),(495,NULL,NULL,1.0105000000,124),(496,NULL,NULL,1.0123000000,124),(497,NULL,NULL,1.0237000000,125),(498,NULL,NULL,1.0074000000,125),(499,NULL,NULL,1.0058000000,125),(500,NULL,NULL,1.0103000000,125),(501,NULL,NULL,1.0106000000,126),(502,NULL,NULL,1.0102000000,126),(503,NULL,NULL,0.9992000000,126),(504,NULL,NULL,1.0032000000,126),(505,NULL,NULL,0.9964000000,127),(506,NULL,NULL,1.0023000000,127),(507,NULL,NULL,1.0109000000,127),(508,NULL,NULL,1.0026000000,127),(509,NULL,NULL,1.0060000000,128),(510,NULL,NULL,1.0037000000,128),(511,NULL,NULL,1.0034000000,128),(512,NULL,NULL,0.9980000000,128),(513,NULL,NULL,0.9978000000,129),(514,NULL,NULL,1.0009000000,129),(515,NULL,NULL,0.9945000000,129),(516,NULL,NULL,0.9865000000,129),(517,NULL,NULL,1.0034000000,130),(518,NULL,NULL,1.0045000000,130),(519,NULL,NULL,0.9944000000,130),(520,NULL,NULL,0.9993000000,130),(521,NULL,NULL,0.9982000000,131),(522,NULL,NULL,0.9975000000,131),(523,NULL,NULL,0.9858000000,131),(524,NULL,NULL,0.9935000000,131),(525,NULL,NULL,0.9910000000,132),(526,NULL,NULL,0.9838000000,132),(527,NULL,NULL,0.9867000000,132),(528,NULL,NULL,0.9947000000,132),(529,NULL,NULL,0.9965000000,133),(530,NULL,NULL,0.9916000000,133),(531,NULL,NULL,0.9947000000,133),(532,NULL,NULL,0.9837000000,133),(533,NULL,NULL,0.9833000000,134),(534,NULL,NULL,0.9982000000,134),(535,NULL,NULL,0.9945000000,134),(536,NULL,NULL,0.9904000000,134),(537,NULL,NULL,0.9823000000,135),(538,NULL,NULL,0.9935000000,135),(539,NULL,NULL,0.9944000000,135),(540,NULL,NULL,0.9825000000,135),(541,NULL,NULL,0.9865000000,136),(542,NULL,NULL,0.9989000000,136),(543,NULL,NULL,0.9884000000,136),(544,NULL,NULL,0.9891000000,136),(545,NULL,NULL,0.9855000000,137),(546,NULL,NULL,0.9895000000,137),(547,NULL,NULL,0.9888000000,137),(548,NULL,NULL,0.9789000000,137),(549,NULL,NULL,0.9924000000,138),(550,NULL,NULL,0.9879000000,138),(551,NULL,NULL,0.9822000000,138),(552,NULL,NULL,0.9918000000,138),(553,NULL,NULL,0.9723000000,139),(554,NULL,NULL,0.9845000000,139),(555,NULL,NULL,0.9914000000,139),(556,NULL,NULL,0.9919000000,139),(557,NULL,NULL,1.0100000000,140),(558,NULL,NULL,0.9933000000,140),(559,NULL,NULL,0.9964000000,140),(560,NULL,NULL,1.0023000000,140),(561,NULL,NULL,0.9952000000,141),(562,NULL,NULL,0.9971000000,141),(563,NULL,NULL,0.9961000000,141),(564,NULL,NULL,1.0074000000,141),(565,NULL,NULL,0.9920000000,142),(566,NULL,NULL,0.9957000000,142),(567,NULL,NULL,0.9870000000,142),(568,NULL,NULL,0.9991000000,142),(569,NULL,NULL,1.0254000000,143),(570,NULL,NULL,1.0160000000,143),(571,NULL,NULL,1.0028000000,143),(572,NULL,NULL,1.0023000000,143),(573,NULL,NULL,1.0265000000,144),(574,NULL,NULL,1.0078000000,144),(575,NULL,NULL,1.0254000000,144),(576,NULL,NULL,1.0148000000,144),(577,NULL,NULL,1.0527000000,145),(578,NULL,NULL,1.0320000000,145),(579,NULL,NULL,1.0200000000,145),(580,NULL,NULL,1.0250000000,145),(581,NULL,NULL,1.0336000000,146),(582,NULL,NULL,1.0236000000,146),(583,NULL,NULL,1.0195000000,146),(584,NULL,NULL,1.0202000000,146),(585,NULL,NULL,1.0276000000,147),(586,NULL,NULL,1.0178000000,147),(587,NULL,NULL,1.0043000000,147),(588,NULL,NULL,1.0145000000,147),(589,NULL,NULL,1.0255000000,148),(590,NULL,NULL,1.0101000000,148),(591,NULL,NULL,1.0077000000,148),(592,NULL,NULL,1.0074000000,148),(593,NULL,NULL,1.0150000000,149),(594,NULL,NULL,1.0031000000,149),(595,NULL,NULL,0.9918000000,149),(596,NULL,NULL,0.9943000000,149),(597,NULL,NULL,1.0033000000,150),(598,NULL,NULL,0.9960000000,150),(599,NULL,NULL,1.0105000000,150),(600,NULL,NULL,1.0047000000,150),(601,NULL,NULL,1.0090000000,151),(602,NULL,NULL,1.0015000000,151),(603,NULL,NULL,1.0026000000,151),(604,NULL,NULL,0.9993000000,151),(605,NULL,NULL,1.0046000000,152),(606,NULL,NULL,0.9994000000,152),(607,NULL,NULL,0.9910000000,152),(608,NULL,NULL,0.9875000000,152),(609,NULL,NULL,1.0012000000,153),(610,NULL,NULL,1.0134000000,153),(611,NULL,NULL,0.9951000000,153),(612,NULL,NULL,0.9935000000,153),(613,NULL,NULL,0.9893000000,154),(614,NULL,NULL,1.0009000000,154),(615,NULL,NULL,0.9927000000,154),(616,NULL,NULL,0.9934000000,154),(617,NULL,NULL,0.9848000000,155),(618,NULL,NULL,0.9849000000,155),(619,NULL,NULL,0.9833000000,155),(620,NULL,NULL,0.9991000000,155),(621,NULL,NULL,0.9991000000,156),(622,NULL,NULL,0.9893000000,156),(623,NULL,NULL,0.9945000000,156),(624,NULL,NULL,0.9962000000,156),(625,NULL,NULL,0.9765000000,157),(626,NULL,NULL,0.9922000000,157),(627,NULL,NULL,0.9963000000,157),(628,NULL,NULL,0.9882000000,157),(629,NULL,NULL,0.9829000000,158),(630,NULL,NULL,0.9972000000,158),(631,NULL,NULL,0.9921000000,158),(632,NULL,NULL,0.9900000000,158),(633,NULL,NULL,0.9876000000,159),(634,NULL,NULL,0.9904000000,159),(635,NULL,NULL,0.9861000000,159),(636,NULL,NULL,1.0022000000,159),(637,NULL,NULL,0.9750000000,160),(638,NULL,NULL,0.9865000000,160),(639,NULL,NULL,0.9874000000,160),(640,NULL,NULL,0.9756000000,160),(641,NULL,NULL,0.9770000000,161),(642,NULL,NULL,0.9965000000,161),(643,NULL,NULL,0.9873000000,161),(644,NULL,NULL,0.9940000000,161),(645,NULL,NULL,1.0000000000,162),(646,NULL,NULL,0.9905000000,162),(647,NULL,NULL,0.9910000000,162),(648,NULL,NULL,0.9947000000,162),(649,NULL,NULL,1.0057000000,163),(650,NULL,NULL,0.9951000000,163),(651,NULL,NULL,0.9984000000,163),(652,NULL,NULL,0.9926000000,163),(653,NULL,NULL,0.9999000000,164),(654,NULL,NULL,0.9949000000,164),(655,NULL,NULL,0.9965000000,164),(656,NULL,NULL,1.0037000000,164),(657,NULL,NULL,0.9959000000,165),(658,NULL,NULL,1.0016000000,165),(659,NULL,NULL,0.9905000000,165),(660,NULL,NULL,1.0039000000,165),(661,NULL,NULL,1.0215000000,166),(662,NULL,NULL,1.0103000000,166),(663,NULL,NULL,1.0000000000,166),(664,NULL,NULL,0.9921000000,166),(665,NULL,NULL,1.0062000000,167),(666,NULL,NULL,1.0083000000,167),(667,NULL,NULL,0.9936000000,167),(668,NULL,NULL,0.9818000000,167),(669,NULL,NULL,1.0312000000,168),(670,NULL,NULL,1.0190000000,168),(671,NULL,NULL,0.9940000000,168),(672,NULL,NULL,1.0073000000,168),(673,NULL,NULL,1.0229000000,169),(674,NULL,NULL,1.0083000000,169),(675,NULL,NULL,1.0094000000,169),(676,NULL,NULL,1.0023000000,169),(677,NULL,NULL,1.0117000000,170),(678,NULL,NULL,1.0074000000,170),(679,NULL,NULL,0.9984000000,170),(680,NULL,NULL,1.0099000000,170),(681,NULL,NULL,1.0173000000,171),(682,NULL,NULL,1.0167000000,171),(683,NULL,NULL,1.0122000000,171),(684,NULL,NULL,1.0057000000,171),(685,NULL,NULL,1.0102000000,172),(686,NULL,NULL,1.0059000000,172),(687,NULL,NULL,1.0071000000,172),(688,NULL,NULL,1.0004000000,172),(689,NULL,NULL,0.9996000000,173),(690,NULL,NULL,1.0041000000,173),(691,NULL,NULL,0.9987000000,173),(692,NULL,NULL,1.0082000000,173),(693,NULL,NULL,1.0090000000,174),(694,NULL,NULL,1.0044000000,174),(695,NULL,NULL,1.0037000000,174),(696,NULL,NULL,0.9930000000,174),(697,NULL,NULL,0.9938000000,175),(698,NULL,NULL,1.0019000000,175),(699,NULL,NULL,0.9981000000,175),(700,NULL,NULL,0.9936000000,175),(701,NULL,NULL,1.0009000000,176),(702,NULL,NULL,1.0131000000,176),(703,NULL,NULL,0.9997000000,176),(704,NULL,NULL,0.9887000000,176),(705,NULL,NULL,0.9976000000,177),(706,NULL,NULL,1.0009000000,177),(707,NULL,NULL,1.0004000000,177),(708,NULL,NULL,0.9906000000,177),(709,NULL,NULL,0.9914000000,178),(710,NULL,NULL,0.9929000000,178),(711,NULL,NULL,0.9956000000,178),(712,NULL,NULL,1.0024000000,178),(713,NULL,NULL,0.9882000000,179),(714,NULL,NULL,0.9987000000,179),(715,NULL,NULL,1.0025000000,179),(716,NULL,NULL,0.9965000000,179),(717,NULL,NULL,0.9895000000,180),(718,NULL,NULL,0.9942000000,180),(719,NULL,NULL,0.9977000000,180),(720,NULL,NULL,0.9889000000,180),(721,NULL,NULL,0.9972000000,181),(722,NULL,NULL,0.9989000000,181),(723,NULL,NULL,0.9866000000,181),(724,NULL,NULL,1.0043000000,181),(725,NULL,NULL,0.9956000000,182),(726,NULL,NULL,0.9952000000,182),(727,NULL,NULL,0.9898000000,182),(728,NULL,NULL,0.9983000000,182),(729,NULL,NULL,0.9894000000,183),(730,NULL,NULL,0.9936000000,183),(731,NULL,NULL,0.9824000000,183),(732,NULL,NULL,0.9762000000,183),(733,NULL,NULL,0.9961000000,184),(734,NULL,NULL,0.9830000000,184),(735,NULL,NULL,0.9901000000,184),(736,NULL,NULL,0.9902000000,184),(737,NULL,NULL,0.7876000000,185),(738,NULL,NULL,0.9853000000,185),(739,NULL,NULL,0.9899000000,185),(740,NULL,NULL,0.9916000000,185),(741,NULL,NULL,0.9980000000,186),(742,NULL,NULL,0.9956000000,186),(743,NULL,NULL,0.9937000000,186),(744,NULL,NULL,0.9946000000,186),(745,NULL,NULL,1.0038000000,187),(746,NULL,NULL,1.0072000000,187),(747,NULL,NULL,1.0034000000,187),(748,NULL,NULL,0.9977000000,187),(749,NULL,NULL,1.0125000000,188),(750,NULL,NULL,1.0019000000,188),(751,NULL,NULL,1.0262000000,188),(752,NULL,NULL,1.0221000000,188),(753,NULL,NULL,1.0334000000,189),(754,NULL,NULL,1.0178000000,189),(755,NULL,NULL,1.0165000000,189),(756,NULL,NULL,1.0180000000,189),(757,NULL,NULL,1.0427000000,190),(758,NULL,NULL,1.0282000000,190),(759,NULL,NULL,1.0387000000,190),(760,NULL,NULL,1.0462000000,190),(761,NULL,NULL,1.0905000000,191),(762,NULL,NULL,1.0526000000,191),(763,NULL,NULL,1.0153000000,191),(764,NULL,NULL,1.0302000000,191),(765,NULL,NULL,1.0320000000,192),(766,NULL,NULL,1.0251000000,192),(767,NULL,NULL,1.0200000000,192),(768,NULL,NULL,1.0211000000,192),(769,NULL,NULL,1.0378000000,193),(770,NULL,NULL,1.0091000000,193),(771,NULL,NULL,1.0170000000,193),(772,NULL,NULL,1.0136000000,193),(773,NULL,NULL,1.0178000000,194),(774,NULL,NULL,1.0060000000,194),(775,NULL,NULL,1.0071000000,194),(776,NULL,NULL,1.0161000000,194),(777,NULL,NULL,1.0008000000,195),(778,NULL,NULL,1.0064000000,195),(779,NULL,NULL,1.0003000000,195),(780,NULL,NULL,1.0068000000,195),(781,NULL,NULL,1.0018000000,196),(782,NULL,NULL,0.9982000000,196),(783,NULL,NULL,1.0012000000,196),(784,NULL,NULL,0.9960000000,196),(785,NULL,NULL,1.0117000000,197),(786,NULL,NULL,1.0104000000,197),(787,NULL,NULL,0.9976000000,197),(788,NULL,NULL,1.0011000000,197),(789,NULL,NULL,0.9982000000,198),(790,NULL,NULL,1.0012000000,198),(791,NULL,NULL,0.9955000000,198),(792,NULL,NULL,0.9876000000,198),(793,NULL,NULL,0.9999000000,199),(794,NULL,NULL,1.0013000000,199),(795,NULL,NULL,0.9969000000,199),(796,NULL,NULL,0.9973000000,199),(797,NULL,NULL,0.9918000000,200),(798,NULL,NULL,0.9964000000,200),(799,NULL,NULL,0.9914000000,200),(800,NULL,NULL,0.9918000000,200),(801,NULL,NULL,0.9787000000,201),(802,NULL,NULL,0.9925000000,201),(803,NULL,NULL,0.9918000000,201),(804,NULL,NULL,0.9945000000,201),(805,NULL,NULL,0.9957000000,202),(806,NULL,NULL,0.9954000000,202),(807,NULL,NULL,0.9965000000,202),(808,NULL,NULL,0.9896000000,202),(809,NULL,NULL,0.9866000000,203),(810,NULL,NULL,0.9930000000,203),(811,NULL,NULL,0.9959000000,203),(812,NULL,NULL,0.9834000000,203),(813,NULL,NULL,0.9873000000,204),(814,NULL,NULL,0.9951000000,204),(815,NULL,NULL,0.9955000000,204),(816,NULL,NULL,0.9898000000,204),(817,NULL,NULL,0.9822000000,205),(818,NULL,NULL,0.9927000000,205),(819,NULL,NULL,0.9949000000,205),(820,NULL,NULL,0.9909000000,205),(821,NULL,NULL,0.9841000000,206),(822,NULL,NULL,0.9910000000,206),(823,NULL,NULL,0.9931000000,206),(824,NULL,NULL,0.9780000000,206),(825,NULL,NULL,0.9830000000,207),(826,NULL,NULL,0.9914000000,207),(827,NULL,NULL,0.9890000000,207),(828,NULL,NULL,0.9922000000,207),(829,NULL,NULL,0.9013000000,208),(830,NULL,NULL,0.9954000000,208),(831,NULL,NULL,0.9876000000,208),(832,NULL,NULL,0.9870000000,208),(833,NULL,NULL,1.0093000000,209),(834,NULL,NULL,1.0005000000,209),(835,NULL,NULL,1.0069000000,209),(836,NULL,NULL,0.9931000000,209),(837,NULL,NULL,0.9962000000,210),(838,NULL,NULL,0.9933000000,210),(839,NULL,NULL,1.0026000000,210),(840,NULL,NULL,0.9963000000,210),(841,NULL,NULL,0.9981000000,211),(842,NULL,NULL,0.9935000000,211),(843,NULL,NULL,0.9867000000,211),(844,NULL,NULL,1.0129000000,211),(845,NULL,NULL,1.0150000000,212),(846,NULL,NULL,1.0078000000,212),(847,NULL,NULL,1.0093000000,212),(848,NULL,NULL,0.9982000000,212),(849,NULL,NULL,1.0048000000,213),(850,NULL,NULL,1.0087000000,213),(851,NULL,NULL,0.9980000000,213),(852,NULL,NULL,0.9928000000,213),(853,NULL,NULL,1.0313000000,214),(854,NULL,NULL,1.0134000000,214),(855,NULL,NULL,0.9978000000,214),(856,NULL,NULL,1.0091000000,214),(857,NULL,NULL,1.0197000000,215),(858,NULL,NULL,1.0052000000,215),(859,NULL,NULL,1.0055000000,215),(860,NULL,NULL,1.0086000000,215),(861,NULL,NULL,1.0243000000,216),(862,NULL,NULL,1.0096000000,216),(863,NULL,NULL,1.0036000000,216),(864,NULL,NULL,1.0083000000,216),(865,NULL,NULL,1.0179000000,217),(866,NULL,NULL,1.0173000000,217),(867,NULL,NULL,1.0025000000,217),(868,NULL,NULL,1.0129000000,217),(869,NULL,NULL,1.0127000000,218),(870,NULL,NULL,1.0128000000,218),(871,NULL,NULL,1.0026000000,218),(872,NULL,NULL,0.9997000000,218),(873,NULL,NULL,0.9956000000,219),(874,NULL,NULL,1.0143000000,219),(875,NULL,NULL,1.0010000000,219),(876,NULL,NULL,1.0101000000,219),(877,NULL,NULL,1.0080000000,220),(878,NULL,NULL,1.0008000000,220),(879,NULL,NULL,0.9999000000,220),(880,NULL,NULL,0.9986000000,220),(881,NULL,NULL,1.0076000000,221),(882,NULL,NULL,0.9933000000,221),(883,NULL,NULL,0.9989000000,221),(884,NULL,NULL,0.9914000000,221),(885,NULL,NULL,1.0016000000,222),(886,NULL,NULL,1.0083000000,222),(887,NULL,NULL,1.0049000000,222),(888,NULL,NULL,0.9980000000,222),(889,NULL,NULL,0.9982000000,223),(890,NULL,NULL,0.9950000000,223),(891,NULL,NULL,1.0079000000,223),(892,NULL,NULL,0.9975000000,223),(893,NULL,NULL,0.9955000000,224),(894,NULL,NULL,0.9937000000,224),(895,NULL,NULL,0.9970000000,224),(896,NULL,NULL,1.0014000000,224),(897,NULL,NULL,0.9998000000,225),(898,NULL,NULL,0.9994000000,225),(899,NULL,NULL,1.0022000000,225),(900,NULL,NULL,0.9974000000,225),(901,NULL,NULL,0.9901000000,226),(902,NULL,NULL,0.9998000000,226),(903,NULL,NULL,0.9999000000,226),(904,NULL,NULL,0.9999000000,226),(905,NULL,NULL,0.9935000000,227),(906,NULL,NULL,0.9934000000,227),(907,NULL,NULL,0.9913000000,227),(908,NULL,NULL,0.9876000000,227),(909,NULL,NULL,0.9919000000,228),(910,NULL,NULL,0.9948000000,228),(911,NULL,NULL,0.9959000000,228),(912,NULL,NULL,0.9928000000,228),(913,NULL,NULL,0.9861000000,229),(914,NULL,NULL,0.9931000000,229),(915,NULL,NULL,0.9844000000,229),(916,NULL,NULL,0.9787000000,229),(917,NULL,NULL,0.9857000000,230),(918,NULL,NULL,1.0031000000,230),(919,NULL,NULL,0.9841000000,230),(920,NULL,NULL,0.9994000000,230),(921,NULL,NULL,0.9614000000,231),(922,NULL,NULL,0.9985000000,231),(923,NULL,NULL,0.9916000000,231),(924,NULL,NULL,0.9946000000,231),(925,NULL,NULL,1.0030000000,232),(926,NULL,NULL,0.9929000000,232),(927,NULL,NULL,1.0017000000,232),(928,NULL,NULL,0.9967000000,232),(929,NULL,NULL,1.0006000000,233),(930,NULL,NULL,0.9917000000,233),(931,NULL,NULL,1.0003000000,233),(932,NULL,NULL,1.0032000000,233),(933,NULL,NULL,0.9953000000,234),(934,NULL,NULL,0.9939000000,234),(935,NULL,NULL,0.9894000000,234),(936,NULL,NULL,1.0086000000,234),(937,NULL,NULL,1.0181000000,235),(938,NULL,NULL,1.0123000000,235),(939,NULL,NULL,1.0061000000,235),(940,NULL,NULL,0.9939000000,235),(941,NULL,NULL,1.0072000000,236),(942,NULL,NULL,0.9967000000,236),(943,NULL,NULL,0.9999000000,236),(944,NULL,NULL,0.9869000000,236),(945,NULL,NULL,1.0162000000,237),(946,NULL,NULL,1.0127000000,237),(947,NULL,NULL,1.0104000000,237),(948,NULL,NULL,1.0206000000,237),(949,NULL,NULL,1.0176000000,238),(950,NULL,NULL,1.0095000000,238),(951,NULL,NULL,1.0081000000,238),(952,NULL,NULL,1.0098000000,238),(953,NULL,NULL,1.0102000000,239),(954,NULL,NULL,1.0156000000,239),(955,NULL,NULL,1.0046000000,239),(956,NULL,NULL,1.0213000000,239),(957,NULL,NULL,1.0158000000,240),(958,NULL,NULL,1.0101000000,240),(959,NULL,NULL,1.0078000000,240),(960,NULL,NULL,1.0062000000,240),(961,NULL,NULL,1.0154000000,241),(962,NULL,NULL,1.0115000000,241),(963,NULL,NULL,0.9970000000,241),(964,NULL,NULL,1.0151000000,241),(965,NULL,NULL,1.0089000000,242),(966,NULL,NULL,0.9957000000,242),(967,NULL,NULL,1.0018000000,242),(968,NULL,NULL,1.0058000000,242),(969,NULL,NULL,1.0031000000,243),(970,NULL,NULL,1.0062000000,243),(971,NULL,NULL,1.0034000000,243),(972,NULL,NULL,0.9981000000,243),(973,NULL,NULL,1.0008000000,244),(974,NULL,NULL,1.0002000000,244),(975,NULL,NULL,0.9985000000,244),(976,NULL,NULL,0.9876000000,244),(977,NULL,NULL,1.0031000000,245),(978,NULL,NULL,1.0098000000,245),(979,NULL,NULL,0.9958000000,245),(980,NULL,NULL,1.0009000000,245),(981,NULL,NULL,1.0011000000,246),(982,NULL,NULL,0.9989000000,246),(983,NULL,NULL,1.0014000000,246),(984,NULL,NULL,0.9974000000,246),(985,NULL,NULL,0.9977000000,247),(986,NULL,NULL,0.9914000000,247),(987,NULL,NULL,0.9898000000,247),(988,NULL,NULL,1.0114000000,247),(989,NULL,NULL,1.0011000000,248),(990,NULL,NULL,0.9983000000,248),(991,NULL,NULL,1.0022000000,248),(992,NULL,NULL,1.0006000000,248),(993,NULL,NULL,0.9986000000,249),(994,NULL,NULL,0.9987000000,249),(995,NULL,NULL,0.9938000000,249),(996,NULL,NULL,0.9996000000,249),(997,NULL,NULL,0.9941000000,250),(998,NULL,NULL,0.9917000000,250),(999,NULL,NULL,0.9984000000,250),(1000,NULL,NULL,0.9934000000,250),(1001,NULL,NULL,0.9925000000,251),(1002,NULL,NULL,0.9940000000,251),(1003,NULL,NULL,1.0045000000,251),(1004,NULL,NULL,0.9904000000,251),(1005,NULL,NULL,0.9840000000,252),(1006,NULL,NULL,0.9868000000,252),(1007,NULL,NULL,0.9855000000,252),(1008,NULL,NULL,0.9686000000,252),(1009,NULL,NULL,0.9501000000,253),(1010,NULL,NULL,0.9826000000,253),(1011,NULL,NULL,0.9832000000,253),(1012,NULL,NULL,0.9820000000,253),(1013,NULL,NULL,1.2756000000,254),(1014,NULL,NULL,0.9931000000,254),(1015,NULL,NULL,0.9892000000,254),(1016,NULL,NULL,0.9921000000,254),(1017,NULL,NULL,1.0053000000,255),(1018,NULL,NULL,0.9986000000,255),(1019,NULL,NULL,0.9909000000,255),(1020,NULL,NULL,1.0006000000,255),(1021,NULL,NULL,1.0046000000,256),(1022,NULL,NULL,0.9950000000,256),(1023,NULL,NULL,0.9998000000,256),(1024,NULL,NULL,1.0028000000,256),(1025,NULL,NULL,1.0003000000,257),(1026,NULL,NULL,0.9905000000,257),(1027,NULL,NULL,0.9870000000,257),(1028,NULL,NULL,1.0127000000,257),(1029,NULL,NULL,1.0176000000,258),(1030,NULL,NULL,1.0160000000,258),(1031,NULL,NULL,1.0026000000,258),(1032,NULL,NULL,1.0023000000,258),(1033,NULL,NULL,1.0083000000,259),(1034,NULL,NULL,1.0107000000,259),(1035,NULL,NULL,1.0237000000,259),(1036,NULL,NULL,1.0222000000,259),(1037,NULL,NULL,1.0581000000,260),(1038,NULL,NULL,1.0310000000,260),(1039,NULL,NULL,1.0219000000,260),(1040,NULL,NULL,1.0225000000,260),(1041,NULL,NULL,1.0355000000,261),(1042,NULL,NULL,1.0170000000,261),(1043,NULL,NULL,1.0260000000,261),(1044,NULL,NULL,1.0296000000,261),(1045,NULL,NULL,1.0227000000,262),(1046,NULL,NULL,1.0154000000,262),(1047,NULL,NULL,1.0075000000,262),(1048,NULL,NULL,1.0183000000,262),(1049,NULL,NULL,1.0166000000,263),(1050,NULL,NULL,1.0057000000,263),(1051,NULL,NULL,1.0142000000,263),(1052,NULL,NULL,1.0044000000,263),(1053,NULL,NULL,1.0035000000,264),(1054,NULL,NULL,1.0122000000,264),(1055,NULL,NULL,0.9988000000,264),(1056,NULL,NULL,0.9972000000,264),(1057,NULL,NULL,1.0029000000,265),(1058,NULL,NULL,0.9967000000,265),(1059,NULL,NULL,1.0004000000,265),(1060,NULL,NULL,1.0053000000,265),(1061,NULL,NULL,1.0037000000,266),(1062,NULL,NULL,1.0081000000,266),(1063,NULL,NULL,1.0011000000,266),(1064,NULL,NULL,0.9985000000,266),(1065,NULL,NULL,0.9981000000,267),(1066,NULL,NULL,0.9985000000,267),(1067,NULL,NULL,0.9963000000,267),(1068,NULL,NULL,0.9894000000,267),(1069,NULL,NULL,0.9916000000,268),(1070,NULL,NULL,0.9987000000,268),(1071,NULL,NULL,0.9983000000,268),(1072,NULL,NULL,0.9941000000,268),(1073,NULL,NULL,0.9899000000,269),(1074,NULL,NULL,0.9917000000,269),(1075,NULL,NULL,0.9958000000,269),(1076,NULL,NULL,0.9936000000,269),(1077,NULL,NULL,0.9894000000,270),(1078,NULL,NULL,0.9919000000,270),(1079,NULL,NULL,0.9914000000,270),(1080,NULL,NULL,0.9885000000,270),(1081,NULL,NULL,0.9895000000,271),(1082,NULL,NULL,0.9921000000,271),(1083,NULL,NULL,0.9946000000,271),(1084,NULL,NULL,0.9903000000,271),(1085,NULL,NULL,0.9845000000,272),(1086,NULL,NULL,0.9948000000,272),(1087,NULL,NULL,0.9943000000,272),(1088,NULL,NULL,0.9919000000,272),(1089,NULL,NULL,0.9852000000,273),(1090,NULL,NULL,0.9897000000,273),(1091,NULL,NULL,0.9931000000,273),(1092,NULL,NULL,0.9834000000,273),(1093,NULL,NULL,0.9816000000,274),(1094,NULL,NULL,0.9916000000,274),(1095,NULL,NULL,0.9960000000,274),(1096,NULL,NULL,0.9889000000,274),(1097,NULL,NULL,0.9916000000,275),(1098,NULL,NULL,0.9899000000,275),(1099,NULL,NULL,0.9840000000,275),(1100,NULL,NULL,0.9727000000,275),(1101,NULL,NULL,0.9930000000,276),(1102,NULL,NULL,0.9892000000,276),(1103,NULL,NULL,0.9837000000,276),(1104,NULL,NULL,0.9974000000,276),(1105,NULL,NULL,0.9458000000,277),(1106,NULL,NULL,0.9852000000,277),(1107,NULL,NULL,0.9916000000,277),(1108,NULL,NULL,0.9977000000,277),(1109,NULL,NULL,0.9940000000,278),(1110,NULL,NULL,1.0026000000,278),(1111,NULL,NULL,0.9964000000,278),(1112,NULL,NULL,0.9992000000,278),(1113,NULL,NULL,0.9963000000,279),(1114,NULL,NULL,0.9989000000,279),(1115,NULL,NULL,0.9925000000,279),(1116,NULL,NULL,1.0032000000,279),(1117,NULL,NULL,0.9997000000,280),(1118,NULL,NULL,0.9918000000,280),(1119,NULL,NULL,0.9922000000,280),(1120,NULL,NULL,1.0091000000,280),(1121,NULL,NULL,1.0228000000,281),(1122,NULL,NULL,1.0038000000,281),(1123,NULL,NULL,1.0042000000,281),(1124,NULL,NULL,1.0135000000,281),(1125,NULL,NULL,1.0115000000,282),(1126,NULL,NULL,1.0106000000,282),(1127,NULL,NULL,1.0230000000,282),(1128,NULL,NULL,1.0223000000,282),(1129,NULL,NULL,1.0539000000,283),(1130,NULL,NULL,1.0354000000,283),(1131,NULL,NULL,1.0189000000,283),(1132,NULL,NULL,1.0271000000,283),(1133,NULL,NULL,1.0325000000,284),(1134,NULL,NULL,1.0212000000,284),(1135,NULL,NULL,1.0182000000,284),(1136,NULL,NULL,1.0191000000,284),(1137,NULL,NULL,1.0234000000,285),(1138,NULL,NULL,1.0175000000,285),(1139,NULL,NULL,1.0105000000,285),(1140,NULL,NULL,1.0123000000,285),(1141,NULL,NULL,1.0237000000,286),(1142,NULL,NULL,1.0074000000,286),(1143,NULL,NULL,1.0058000000,286),(1144,NULL,NULL,1.0103000000,286),(1145,NULL,NULL,1.0106000000,287),(1146,NULL,NULL,1.0102000000,287),(1147,NULL,NULL,0.9992000000,287),(1148,NULL,NULL,1.0032000000,287),(1149,NULL,NULL,0.9964000000,288),(1150,NULL,NULL,1.0023000000,288),(1151,NULL,NULL,1.0109000000,288),(1152,NULL,NULL,1.0026000000,288),(1153,NULL,NULL,1.0060000000,289),(1154,NULL,NULL,1.0037000000,289),(1155,NULL,NULL,1.0034000000,289),(1156,NULL,NULL,0.9980000000,289),(1157,NULL,NULL,0.9978000000,290),(1158,NULL,NULL,1.0009000000,290),(1159,NULL,NULL,0.9945000000,290),(1160,NULL,NULL,0.9865000000,290),(1161,NULL,NULL,1.0034000000,291),(1162,NULL,NULL,1.0045000000,291),(1163,NULL,NULL,0.9944000000,291),(1164,NULL,NULL,0.9993000000,291),(1165,NULL,NULL,0.9982000000,292),(1166,NULL,NULL,0.9975000000,292),(1167,NULL,NULL,0.9858000000,292),(1168,NULL,NULL,0.9935000000,292),(1169,NULL,NULL,0.9910000000,293),(1170,NULL,NULL,0.9838000000,293),(1171,NULL,NULL,0.9867000000,293),(1172,NULL,NULL,0.9947000000,293),(1173,NULL,NULL,0.9965000000,294),(1174,NULL,NULL,0.9916000000,294),(1175,NULL,NULL,0.9947000000,294),(1176,NULL,NULL,0.9837000000,294),(1177,NULL,NULL,0.9833000000,295),(1178,NULL,NULL,0.9982000000,295),(1179,NULL,NULL,0.9945000000,295),(1180,NULL,NULL,0.9904000000,295),(1181,NULL,NULL,0.9823000000,296),(1182,NULL,NULL,0.9935000000,296),(1183,NULL,NULL,0.9944000000,296),(1184,NULL,NULL,0.9825000000,296),(1185,NULL,NULL,0.9865000000,297),(1186,NULL,NULL,0.9989000000,297),(1187,NULL,NULL,0.9884000000,297),(1188,NULL,NULL,0.9891000000,297),(1189,NULL,NULL,0.9855000000,298),(1190,NULL,NULL,0.9895000000,298),(1191,NULL,NULL,0.9888000000,298),(1192,NULL,NULL,0.9789000000,298),(1193,NULL,NULL,0.9924000000,299),(1194,NULL,NULL,0.9879000000,299),(1195,NULL,NULL,0.9822000000,299),(1196,NULL,NULL,0.9918000000,299),(1197,NULL,NULL,0.9723000000,300),(1198,NULL,NULL,0.9845000000,300),(1199,NULL,NULL,0.9914000000,300),(1200,NULL,NULL,0.9919000000,300),(1201,NULL,NULL,1.0100000000,301),(1202,NULL,NULL,0.9933000000,301),(1203,NULL,NULL,0.9964000000,301),(1204,NULL,NULL,1.0023000000,301),(1205,NULL,NULL,0.9952000000,302),(1206,NULL,NULL,0.9971000000,302),(1207,NULL,NULL,0.9961000000,302),(1208,NULL,NULL,1.0074000000,302),(1209,NULL,NULL,0.9920000000,303),(1210,NULL,NULL,0.9957000000,303),(1211,NULL,NULL,0.9870000000,303),(1212,NULL,NULL,0.9991000000,303),(1213,NULL,NULL,1.0254000000,304),(1214,NULL,NULL,1.0160000000,304),(1215,NULL,NULL,1.0028000000,304),(1216,NULL,NULL,1.0023000000,304),(1217,NULL,NULL,1.0265000000,305),(1218,NULL,NULL,1.0078000000,305),(1219,NULL,NULL,1.0254000000,305),(1220,NULL,NULL,1.0148000000,305),(1221,NULL,NULL,1.0527000000,306),(1222,NULL,NULL,1.0320000000,306),(1223,NULL,NULL,1.0200000000,306),(1224,NULL,NULL,1.0250000000,306),(1225,NULL,NULL,1.0336000000,307),(1226,NULL,NULL,1.0236000000,307),(1227,NULL,NULL,1.0195000000,307),(1228,NULL,NULL,1.0202000000,307),(1229,NULL,NULL,1.0276000000,308),(1230,NULL,NULL,1.0178000000,308),(1231,NULL,NULL,1.0043000000,308),(1232,NULL,NULL,1.0145000000,308),(1233,NULL,NULL,1.0255000000,309),(1234,NULL,NULL,1.0101000000,309),(1235,NULL,NULL,1.0077000000,309),(1236,NULL,NULL,1.0074000000,309),(1237,NULL,NULL,1.0150000000,310),(1238,NULL,NULL,1.0031000000,310),(1239,NULL,NULL,0.9918000000,310),(1240,NULL,NULL,0.9943000000,310),(1241,NULL,NULL,1.0033000000,311),(1242,NULL,NULL,0.9960000000,311),(1243,NULL,NULL,1.0105000000,311),(1244,NULL,NULL,1.0047000000,311),(1245,NULL,NULL,1.0090000000,312),(1246,NULL,NULL,1.0015000000,312),(1247,NULL,NULL,1.0026000000,312),(1248,NULL,NULL,0.9993000000,312),(1249,NULL,NULL,1.0046000000,313),(1250,NULL,NULL,0.9994000000,313),(1251,NULL,NULL,0.9910000000,313),(1252,NULL,NULL,0.9875000000,313),(1253,NULL,NULL,1.0012000000,314),(1254,NULL,NULL,1.0134000000,314),(1255,NULL,NULL,0.9951000000,314),(1256,NULL,NULL,0.9935000000,314),(1257,NULL,NULL,0.9893000000,315),(1258,NULL,NULL,1.0009000000,315),(1259,NULL,NULL,0.9927000000,315),(1260,NULL,NULL,0.9934000000,315),(1261,NULL,NULL,0.9848000000,316),(1262,NULL,NULL,0.9849000000,316),(1263,NULL,NULL,0.9833000000,316),(1264,NULL,NULL,0.9991000000,316),(1265,NULL,NULL,0.9991000000,317),(1266,NULL,NULL,0.9893000000,317),(1267,NULL,NULL,0.9945000000,317),(1268,NULL,NULL,0.9962000000,317),(1269,NULL,NULL,0.9765000000,318),(1270,NULL,NULL,0.9922000000,318),(1271,NULL,NULL,0.9963000000,318),(1272,NULL,NULL,0.9882000000,318),(1273,NULL,NULL,0.9829000000,319),(1274,NULL,NULL,0.9972000000,319),(1275,NULL,NULL,0.9921000000,319),(1276,NULL,NULL,0.9900000000,319),(1277,NULL,NULL,0.9876000000,320),(1278,NULL,NULL,0.9904000000,320),(1279,NULL,NULL,0.9861000000,320),(1280,NULL,NULL,1.0022000000,320),(1281,NULL,NULL,0.9750000000,321),(1282,NULL,NULL,0.9865000000,321),(1283,NULL,NULL,0.9874000000,321),(1284,NULL,NULL,0.9756000000,321),(1285,NULL,NULL,0.9770000000,322),(1286,NULL,NULL,0.9965000000,322),(1287,NULL,NULL,0.9873000000,322),(1288,NULL,NULL,0.9940000000,322);
/*!40000 ALTER TABLE `measurements` ENABLE KEYS */;
UNLOCK TABLES;

--
-- Table structure for table `predictions`
--

DROP TABLE IF EXISTS `predictions`;
/*!40101 SET @saved_cs_client     = @@character_set_client */;
/*!40101 SET character_set_client = utf8 */;
CREATE TABLE `predictions` (
  `id` int(11) NOT NULL AUTO_INCREMENT,
  `real_value` decimal(20,10) DEFAULT NULL,
  `forecasted` decimal(20,10) DEFAULT NULL,
  PRIMARY KEY (`id`)
) ENGINE=InnoDB AUTO_INCREMENT=509 DEFAULT CHARSET=utf8 COLLATE=utf8_unicode_ci COMMENT='		';
/*!40101 SET character_set_client = @saved_cs_client */;

--
-- Dumping data for table `predictions`
--

LOCK TABLES `predictions` WRITE;
/*!40000 ALTER TABLE `predictions` DISABLE KEYS */;
INSERT INTO `predictions` VALUES (1,80772.0159130000,81823.6559750000),(2,80465.3922960000,80904.0966530000),(3,80013.0335960000,80241.3591670000),(4,79182.5385920000,79366.9683910000),(5,79441.2811360000,79825.4299270000),(6,79513.3652470000,79741.0834440000),(7,79758.2952570000,79929.1727190000),(8,82283.2904080000,82683.8563600000),(9,84314.3624480000,84533.1612720000),(10,84534.2974250000,84693.1727100000),(11,89190.0361190000,89601.1047440000),(12,91762.0650210000,91979.1383700000),(13,92288.9114440000,92430.5785010000),(14,96620.0587510000,97033.8107260000),(15,100833.3021500000,101065.2684320000),(16,104689.4826300000,104849.9665450000),(17,119147.4231700000,119681.1540340000),(18,122706.2506100000,123087.3769020000),(19,126630.5368400000,126825.1731990000),(20,135169.5840600000,135907.3572300000),(21,139519.9256300000,140092.6934580000),(22,141524.2957600000,141761.5973150000),(23,147660.3245700000,148562.5757450000),(24,148299.8612300000,149133.6462880000),(25,150789.5444300000,151257.7492500000),(26,154409.0408000000,155588.2543140000),(27,156503.8869600000,157524.7465280000),(28,158491.2549800000,159155.8579300000),(29,161309.1427800000,162703.6549840000),(30,161152.8558500000,162354.7531400000),(31,161943.6352300000,162685.7033670000),(32,161434.6860800000,162895.5402040000),(33,161901.1479900000,163092.5049880000),(34,162194.2864600000,163010.4201950000),(35,164479.8646700000,165947.4914020000),(36,164579.9008000000,165823.1369980000),(37,165268.5082400000,166146.7769840000),(38,164182.4092600000,165630.7338530000),(39,164054.2593100000,165248.5324460000),(40,164080.3005400000,164953.3451470000),(41,164504.8794700000,165918.3334230000),(42,164565.8752200000,165741.7090220000),(43,164416.6446900000,165275.8173460000),(44,160858.9253600000,162213.6000450000),(45,160464.5679100000,161579.0146130000),(46,158596.2054000000,159422.4037610000),(47,154524.8830100000,155762.3073910000),(48,152223.4801000000,153245.3005060000),(49,150833.3310600000,151597.9891800000),(50,149199.5033100000,150375.9703730000),(51,148223.6115600000,149192.2856840000),(52,146153.6502600000,146872.1350030000),(53,143247.3046200000,144315.5419050000),(54,142009.7070200000,142903.2093340000),(55,139984.1929600000,140607.8978550000),(56,136822.3483000000,137773.8866770000),(57,136017.9500800000,136793.6575910000),(58,133349.5600800000,133894.7867680000),(59,130851.7977800000,131701.8537650000),(60,129059.7978900000,129751.1599400000),(61,128151.7765800000,128611.3046350000),(62,124230.1875500000,125001.7455250000),(63,121745.9370400000,122351.7283320000),(64,118704.8582800000,119072.8362780000),(65,116420.5382700000,117104.7549990000),(66,114994.3376200000,115532.9083080000),(67,114899.8187700000,115186.7535200000),(68,112798.2687600000,113421.4177640000),(69,111384.6054200000,111853.8691230000),(70,110083.9206100000,110331.2081720000),(71,103198.2124200000,103729.2602160000),(72,102196.1494700000,102565.6200160000),(73,101159.1673100000,101317.9209340000),(74,101497.6323400000,101307.0997400000),(75,101151.9420100000,101313.1321300000),(76,101127.9409700000,101001.4155810000),(77,100939.8356800000,100975.1311500000),(78,99455.2678720000,99653.1129770000),(79,100007.1373800000,99890.0679010000),(80,99986.1685820000,99919.2627610000),(81,99808.4363900000,99954.2716350000),(82,98742.4280340000,98591.7053740000),(83,98844.8580310000,98739.6811450000),(84,102580.0221500000,102709.9366300000),(85,103162.2280500000,103010.0785520000),(86,104343.9674300000,104229.6167980000),(87,108308.1791600000,108417.2357880000),(88,110675.2456700000,110541.9139490000),(89,112404.3188800000,112284.9662800000),(90,122359.1226600000,122456.2298410000),(91,126040.5481600000,125844.4709030000),(92,128198.6056800000,128072.4494850000),(93,136301.2229400000,136473.3538180000),(94,140132.6392500000,139950.8301060000),(95,143691.1945500000,143613.6285510000),(96,151174.1875300000,151481.0376360000),(97,152603.6245800000,152527.4675200000),(98,154408.1346200000,154410.8407750000),(99,160043.8794200000,160542.1346190000),(100,162458.7974700000,162543.3549000000),(101,162754.5156200000,162850.1620230000),(102,164087.2856200000,164735.0369480000),(103,164519.1560000000,164755.2461650000),(104,165257.5230300000,165489.8890840000),(105,165405.6461600000,166136.4884920000),(106,165314.4177300000,165600.2756690000),(107,165684.5828700000,165978.2540310000),(108,167362.1154300000,168165.9524450000),(109,168359.2020100000,168721.3025080000),(110,169029.2977800000,169329.9676520000),(111,168004.1309700000,168811.0029870000),(112,167305.3636900000,167667.2357800000),(113,165109.8961500000,165416.6739040000),(114,164917.9052700000,165705.0770580000),(115,164099.8013400000,164443.5063770000),(116,163503.6470900000,163809.9919070000),(117,159673.8912600000,160424.8596040000),(118,159283.4078900000,159634.0634780000),(119,157966.0188500000,158271.1382690000),(120,153017.0487700000,153676.2813750000),(121,151995.5605500000,152303.3173140000),(122,151389.5599200000,151619.1887260000),(123,149324.2800100000,149940.4988000000),(124,147809.7879200000,148081.2180870000),(125,145354.6861000000,145554.9872810000),(126,142992.8889300000,143531.8209310000),(127,141715.6202800000,141959.8417840000),(128,140518.1172700000,140676.3410250000),(129,136642.0461500000,137085.3917330000),(130,135876.1934400000,136081.2201910000),(131,134787.8431400000,134922.0170550000),(132,131176.4597900000,131572.5450130000),(133,130075.1101600000,130233.7627810000),(134,129071.8864500000,129144.1272170000),(135,125259.4785400000,125613.7425500000),(136,123560.8456800000,123681.1716710000),(137,120879.0018500000,120920.3275260000),(138,116459.2796300000,116744.5724170000),(139,114529.9580200000,114623.6410720000),(140,114751.7772400000,114768.3953900000),(141,111688.9464200000,111920.9444730000),(142,110055.6297300000,110122.2468250000),(143,108244.5716600000,108240.6506850000),(144,107017.1726700000,107206.8395250000),(145,106109.6862200000,106140.0711560000),(146,105517.0527200000,105461.8464710000),(147,105585.8719700000,105820.4330610000),(148,104761.4827300000,104893.9287130000),(149,105276.5508500000,105100.1922120000),(150,104946.5682600000,104960.2131650000),(151,102876.6358100000,103040.7502150000),(152,104331.4432000000,104163.2366970000),(153,104257.7718800000,104237.7034750000),(154,104097.3245000000,104202.3443680000),(155,102169.0366100000,101975.0807860000),(156,102303.0308700000,102260.3520300000),(157,107202.3430400000,107272.6889380000),(158,107808.1073000000,107632.8346890000),(159,108016.0185500000,107959.2160790000),(160,111597.6849500000,111658.7038790000),(161,112721.5514600000,112606.6478810000),(162,114695.9088200000,114634.7984080000),(163,124083.4319900000,124121.6127730000),(164,127372.1088300000,127159.6936930000),(165,130890.5007900000,130829.7026260000),(166,139746.9071200000,139872.9851210000),(167,143376.2594300000,143174.6287210000),(168,146340.4082300000,146284.9406610000),(169,151922.2335000000,152122.8535570000),(170,153205.8692300000,153051.0476490000),(171,155412.9641700000,155449.9550170000),(172,160220.0587000000,160610.1377550000),(173,162544.7045200000,162529.5224120000),(174,163244.5290200000,163432.3985330000),(175,165699.8928400000,166253.9540950000),(176,166134.8741000000,166259.0401730000),(177,166169.1887600000,166465.0735470000),(178,165797.5087400000,166413.3746650000),(179,167281.2239100000,167447.3341770000),(180,168294.7062400000,168659.8809040000),(181,170764.2638300000,171459.7366530000),(182,170315.8295500000,170555.6094380000),(183,170286.9241200000,170666.6372760000),(184,170818.6054800000,171518.0344550000),(185,170336.4867300000,170582.3562640000),(186,169113.1371100000,169480.1986630000),(187,167904.4412200000,168567.1147850000),(188,166460.6958500000,166738.2103700000),(189,165366.4134900000,165743.0553400000),(190,163190.9946900000,163848.7887530000),(191,162469.7042700000,162721.0506490000),(192,161899.3267100000,162257.0847580000),(193,157376.6867600000,157992.3853730000),(194,155671.8221800000,155894.1457130000),(195,153483.3601700000,153783.4922760000),(196,152550.2678300000,153119.8020350000),(197,151223.7379300000,151399.6324190000),(198,148741.6716100000,148999.0960090000),(199,144511.1528500000,145003.1641540000),(200,143316.4232100000,143462.4966660000),(201,142977.3917900000,143205.6174360000),(202,138997.1383400000,139435.6341710000),(203,137956.6911400000,138056.2722990000),(204,136355.3704000000,136519.5654120000),(205,132345.4494100000,132755.7049600000),(206,131229.9561400000,131294.4260310000),(207,130224.1603200000,130324.9189840000),(208,127286.5301500000,127631.1462740000),(209,126100.9458700000,126136.5046420000),(210,123286.9812500000,123373.1750150000),(211,120464.2336500000,120750.5934980000),(212,119961.0938900000,119973.1759760000),(213,118725.5024100000,118774.4877570000),(214,115322.0413200000,115558.5703620000),(215,114757.6674700000,114746.9088300000),(216,112130.1457900000,112155.8158240000),(217,107002.6426100000,107181.3993680000),(218,105864.8581400000,105833.1779180000),(219,104763.5038900000,104734.9258020000),(220,105749.4791700000,106352.9862280000),(221,105360.9145900000,105443.2038060000),(222,104723.5248800000,104679.2993100000),(223,104128.4397600000,104122.9034540000),(224,103333.4468700000,103396.9695350000),(225,103134.3922300000,103104.5395510000),(226,103112.9497900000,103065.9683770000),(227,102744.1473500000,102779.1653600000),(228,101652.0337900000,101578.7990790000),(229,101720.6103500000,101632.1011220000),(230,105400.7157600000,105419.7109400000),(231,106428.6025900000,106329.2397110000),(232,107308.9466500000,107194.9186990000),(233,111410.9638400000,111393.1545240000),(234,113236.3253200000,113126.2831310000),(235,114717.5810400000,114599.4517190000),(236,123595.2555600000,123567.8480790000),(237,125626.7822600000,125459.7635570000),(238,129805.7194600000,129680.2471930000),(239,136524.5307300000,136583.2509290000),(240,139909.7776500000,139779.1425560000),(241,142058.3995200000,141967.9542780000),(242,147870.0153500000,148049.6389720000),(243,147396.7343300000,147347.1285750000),(244,149406.8728200000,149382.4224300000),(245,153673.1311400000,154032.6964820000),(246,153568.1789600000,153602.3586410000),(247,155154.4989900000,155301.9932970000),(248,156890.5957500000,157335.3102240000),(249,157682.4946200000,157842.5829920000),(250,158027.0633500000,158250.7279960000),(251,157452.8014700000,157960.0211350000),(252,156836.7254900000,156975.2923740000),(253,157030.9115500000,157313.1435010000),(254,159813.3623400000,160364.3618120000),(255,159695.1996700000,159828.7115190000),(256,158305.7404600000,158631.1950160000),(257,158227.4937400000,158789.7104550000),(258,158302.1629300000,158454.1182750000),(259,155955.5427400000,156276.7589140000),(260,156144.0077800000,156704.5014570000),(261,154655.8893200000,154782.8135080000),(262,154588.8795400000,154903.6523200000),(263,152202.5947200000,152733.2134710000),(264,149900.5587000000,150017.0842770000),(265,148587.6765500000,148845.9139110000),(266,146485.3362500000,146993.8106050000),(267,142597.6023400000,142707.2737740000),(268,142542.3572200000,142726.2845520000),(269,140384.5726600000,140852.8153460000),(270,138301.6381600000,138370.5203020000),(271,137238.6410500000,137409.4998940000),(272,133664.7257600000,134071.4896820000),(273,133224.2853100000,133237.2707950000),(274,132836.3600200000,132967.6661810000),(275,129159.3722500000,129524.3988290000),(276,127274.2550100000,127201.9036500000),(277,127316.4938100000,127437.9643210000),(278,123745.8028000000,124053.1211430000),(279,123050.3126100000,122937.5382830000),(280,122209.3008100000,122300.1447810000),(281,119105.8196800000,119366.3041820000),(282,117281.7928200000,117167.6631550000),(283,114502.6929000000,114577.8432640000),(284,113217.6319300000,113436.9323520000),(285,111545.9148800000,111402.0298170000),(286,110093.0535600000,110164.4791070000),(287,107874.2368600000,108061.2965420000),(288,106268.7297600000,106121.1930680000),(289,104209.6275700000,104259.5122400000),(290,102817.5614500000,102957.9856950000),(291,102662.8388400000,102488.5376030000),(292,100993.7314100000,100987.8214320000),(293,101245.4197400000,101305.0131920000),(294,100978.9835500000,101150.1246610000),(295,101168.9163900000,100888.8803230000),(296,100819.8060000000,100491.9638840000),(297,100408.8200400000,100564.3585710000),(298,100595.5299400000,100299.5656820000),(299,100743.3674100000,100364.0464760000),(300,100999.3589100000,101126.6076730000),(301,100035.0737800000,99746.7492810000),(302,100502.6731500000,100071.9429630000),(303,104085.1379100000,104200.0726090000),(304,105088.5606600000,104805.6929260000),(305,106104.7178800000,105653.5225420000),(306,109194.6693900000,109304.2879440000),(307,110557.5111800000,110279.2753160000),(308,111885.8301700000,111434.6748780000),(309,122023.8802400000,122140.9947230000),(310,123811.7680300000,123467.9352090000),(311,126706.6818500000,126236.6235490000),(312,135136.5670900000,135301.6294360000),(313,136685.3358100000,136366.3696400000),(314,138774.8394800000,138326.3218620000),(315,143536.8505300000,143791.2640570000),(316,145013.1680600000,144748.8470810000),(317,146766.6003000000,146369.4158220000),(318,150239.7596300000,150677.8335700000),(319,151977.8503600000,151784.2941790000),(320,152430.2576800000,152150.2983900000),(321,153473.4762700000,154019.7415680000),(322,154105.6527800000,153972.6910270000),(323,154015.3850100000,153817.5885450000),(324,153092.6778900000,153678.6301280000),(325,154153.1713300000,154073.8720840000),(326,154741.4565300000,154607.4085710000),(327,157024.6624500000,157654.2092610000),(328,156620.0431600000,156596.8225180000),(329,155825.7520900000,155708.9117770000),(330,156069.9278500000,156683.1912660000),(331,155258.9841500000,155255.4520670000),(332,152668.0563100000,152554.3203560000),(333,153073.6582700000,153642.5435530000),(334,152184.9537700000,152211.7106960000),(335,150829.9652900000,150737.2549680000),(336,149335.6231300000,149904.2083400000),(337,147334.8480400000,147349.4868150000),(338,145920.3894100000,145812.6319650000),(339,143360.8549600000,143905.8152230000),(340,140879.5337600000,140873.3686830000),(341,140324.7741500000,140160.6601340000),(342,139173.6765400000,139708.1974330000),(343,137669.2571100000,137642.3576220000),(344,136186.0973600000,135999.1060730000),(345,133405.6318600000,133882.4210600000),(346,132258.3614400000,132187.7465220000),(347,131669.4670200000,131460.9010020000),(348,128298.7649900000,128737.3040920000),(349,127567.7359300000,127446.1289160000),(350,125662.1065400000,125455.6616110000),(351,122490.6862400000,122877.5841400000),(352,121306.0226600000,121161.2228630000),(353,120563.6457900000,120338.7279770000),(354,117968.3555800000,118305.6370720000),(355,116003.7327700000,115844.8063230000),(356,112112.0746200000,111896.0179430000),(357,112289.5806700000,112579.5159990000),(358,111528.5038300000,111364.4834050000),(359,110522.8165000000,110276.3803410000),(360,108264.5906200000,108506.2342660000),(361,106898.5773800000,106721.4420490000),(362,105225.0897800000,104981.1629450000),(363,101091.3285000000,101291.0153130000),(364,100697.0202500000,100496.6027070000),(365,99926.8676320000,99625.8745780000),(366,99845.4686570000,99858.6404640000),(367,100008.6646900000,100211.6497250000),(368,99717.5355280000,99588.5639530000),(369,99214.3951530000,99093.6046570000),(370,98349.4303760000,98528.0740790000),(371,98382.8603520000,98215.7702490000),(372,98706.8651810000,98569.1701620000),(373,98654.5362570000,98788.1073950000),(374,97875.3747320000,97700.1658520000),(375,97871.3183300000,97709.2884070000),(376,101365.2436700000,101503.6224640000),(377,101679.2017300000,101492.6245760000),(378,100985.2324800000,100804.3532820000),(379,100396.0675000000,100515.3828550000),(380,99913.3419690000,99738.3627270000),(381,98548.8699750000,98391.6264580000),(382,100872.1406800000,100982.0778330000),(383,101541.2758200000,101340.3296210000),(384,102276.0633900000,102118.7599070000),(385,103932.7979800000,104110.2666050000),(386,103287.4729800000,103101.7966120000),(387,103728.7456400000,103549.6214690000),(388,105883.0584400000,106051.7941490000),(389,105916.2973200000,105714.8998300000),(390,107649.4999100000,107419.3215040000),(391,110770.0557000000,110998.4940710000),(392,111934.8722200000,111753.8759250000),(393,112063.1767400000,111858.5790340000),(394,115486.3905600000,115728.4862770000),(395,116055.2823100000,115850.4319370000),(396,116036.9134900000,115847.8864210000),(397,115656.9519100000,115927.7169370000),(398,114769.4155300000,114574.2913910000),(399,115665.7839300000,115542.3978340000),(400,116880.3006300000,117184.3246020000),(401,117399.7336000000,117243.5959680000),(402,116208.5920600000,116092.4199070000),(403,115768.1355000000,116128.7890060000),(404,115014.3088700000,114882.5064580000),(405,112985.9219100000,112875.7675190000),(406,114955.5837200000,115289.3831170000),(407,113418.0444600000,113266.9175360000),(408,113766.6742800000,113684.3144860000),(409,113097.6622300000,113410.8568700000),(410,113250.1164200000,113117.3855640000),(411,113445.5505300000,113333.7316820000),(412,111449.5382500000,111774.4198410000),(413,110306.7270500000,110161.5274210000),(414,110801.9427400000,110642.8678440000),(415,111674.2724000000,112022.7071900000),(416,111482.8461500000,111300.7209080000),(417,111205.7908000000,111059.3330690000),(418,110243.9100600000,110582.3665320000),(419,110051.3959200000,109880.0228900000),(420,110375.4376500000,110238.6847090000),(421,110767.0913500000,111102.5106350000),(422,109685.4204500000,109490.7693540000),(423,108450.8293000000,108331.9922140000),(424,106241.0343500000,106575.2482080000),(425,106097.0014600000,105908.8749940000),(426,105643.8170800000,105524.4757570000),(427,103541.6644800000,103841.2213350000),(428,101959.8161500000,101779.0908560000),(429,100071.2885100000,99967.9494260000),(430,98472.6804900000,98761.3763190000),(431,98086.9128700000,97894.8201460000),(432,97116.1784030000,96992.8019160000),(433,95393.9603660000,95647.7191360000),(434,93405.5835230000,93223.9380730000),(435,91634.6818670000,91512.0191460000),(436,88196.3446880000,88407.1099490000),(437,86982.2623780000,86787.3370110000),(438,86785.5260850000,86636.2146130000),(439,87116.4162170000,86769.7464590000),(440,87091.2108210000,87089.3782830000),(441,86447.9678050000,86354.1305440000),(442,86466.2689400000,86438.7331550000),(443,86207.3435510000,86178.4815790000),(444,86500.6758190000,86362.3097440000),(445,86116.4341750000,85999.5981100000),(446,86015.2347290000,85959.4001090000),(447,85444.5108200000,85264.5206480000),(448,86117.5488260000,85997.4636280000),(449,88158.6265420000,88102.6693540000),(450,89454.0731340000,89246.7464210000),(451,89570.7278350000,89451.5819140000),(452,89161.7371070000,89105.5283840000),(453,88639.6397830000,88453.7025040000),(454,87851.5591140000,87724.1852710000),(455,90261.8153800000,90205.0245780000),(456,90586.5971580000,90381.3523030000),(457,91760.0510660000,91658.7076380000),(458,95781.7119320000,95776.3670920000),(459,95736.4100830000,95577.4868250000),(460,96633.5973330000,96535.1836290000),(461,99236.1746660000,99215.3294350000),(462,99213.1765830000,99034.1280690000),(463,100152.3562100000,100023.1713030000),(464,104079.6856900000,104088.4891820000),(465,105133.7461000000,104962.9470750000),(466,105686.1052100000,105599.9615740000),(467,108164.9142600000,108185.4310250000),(468,108137.5739100000,107965.9121030000),(469,108109.2745700000,108056.6802680000),(470,108875.9961000000,108921.4016140000),(471,108822.3054700000,108654.1669770000),(472,109122.1245700000,109102.9771350000),(473,111431.1372000000,111541.0999910000),(474,112096.6401200000,111963.0925140000),(475,112454.9451200000,112453.7145780000),(476,112599.1571000000,112751.9531080000),(477,112663.3522800000,112532.2396730000),(478,112142.3273400000,112140.2731530000),(479,113146.9087700000,113296.7430690000),(480,113419.0423500000,113289.2234780000),(481,112792.5304900000,112799.4022120000),(482,113558.1613600000,113713.0814310000),(483,113049.3877500000,112942.3409660000),(484,112512.2129200000,112528.8669720000),(485,112397.3850100000,112552.9221650000),(486,110677.4767800000,110577.2138140000),(487,111029.2651900000,111031.3780480000),(488,111424.9307800000,111588.4611450000),(489,111979.7185100000,111888.0329190000),(490,112420.4516400000,112406.1926790000),(491,110869.0356000000,111028.2392920000),(492,110807.5754500000,110706.4463870000),(493,110294.4341900000,110267.3655300000),(494,109019.7172600000,109147.7406730000),(495,108102.1079300000,107964.5599780000),(496,107710.3794600000,107693.1647820000),(497,107778.8456200000,107893.9507230000),(498,106949.7409300000,106829.9662460000),(499,106164.5792800000,106158.2168610000),(500,102360.4310400000,102449.8663500000),(501,99123.8317540000,99014.1562160000),(502,97198.8930990000,97182.4895300000),(503,91123.3159210000,91183.6255880000),(504,89190.6316580000,89076.7833410000),(505,87600.5239710000,87578.7018000000),(506,83719.0082230000,83761.1634720000),(507,82404.3803140000,82287.1779710000),(508,80959.6342150000,80926.4165880000);
/*!40000 ALTER TABLE `predictions` ENABLE KEYS */;
UNLOCK TABLES;

--
-- Table structure for table `probabilities`
--

DROP TABLE IF EXISTS `probabilities`;
/*!40101 SET @saved_cs_client     = @@character_set_client */;
/*!40101 SET character_set_client = utf8 */;
CREATE TABLE `probabilities` (
  `day` varchar(10) COLLATE utf8_unicode_ci DEFAULT NULL,
  `i` int(11) DEFAULT NULL,
  `j` int(11) DEFAULT NULL,
  `probability` decimal(20,10) DEFAULT NULL
) ENGINE=InnoDB DEFAULT CHARSET=utf8 COLLATE=utf8_unicode_ci;
/*!40101 SET character_set_client = @saved_cs_client */;

--
-- Dumping data for table `probabilities`
--

LOCK TABLES `probabilities` WRITE;
/*!40000 ALTER TABLE `probabilities` DISABLE KEYS */;
/*!40000 ALTER TABLE `probabilities` ENABLE KEYS */;
UNLOCK TABLES;

--
-- Table structure for table `training`
--

DROP TABLE IF EXISTS `training`;
/*!40101 SET @saved_cs_client     = @@character_set_client */;
/*!40101 SET character_set_client = utf8 */;
CREATE TABLE `training` (
  `id` int(11) NOT NULL AUTO_INCREMENT,
  `value` decimal(20,10) DEFAULT NULL,
  PRIMARY KEY (`id`)
) ENGINE=InnoDB AUTO_INCREMENT=673 DEFAULT CHARSET=utf8 COLLATE=utf8_unicode_ci;
/*!40101 SET character_set_client = @saved_cs_client */;

--
-- Dumping data for table `training`
--

LOCK TABLES `training` WRITE;
/*!40000 ALTER TABLE `training` DISABLE KEYS */;
INSERT INTO `training` VALUES (1,76386.9657340000),(2,75261.2427330000),(3,74498.7599760000),(4,73875.7649040000),(5,73727.9513830000),(6,73403.0477180000),(7,72937.9899100000),(8,72540.6775040000),(9,72814.4398500000),(10,73335.8651350000),(11,73582.5983200000),(12,73412.1022630000),(13,74331.7115770000),(14,74472.8067040000),(15,76420.9598170000),(16,78111.9504710000),(17,80719.8846330000),(18,82156.8074680000),(19,83511.1504510000),(20,85017.1434000000),(21,88650.6301710000),(22,91150.8086040000),(23,94675.9879980000),(24,99049.9407960000),(25,108017.6670100000),(26,113694.6165100000),(27,115439.2138200000),(28,118931.2440000000),(29,122733.9380400000),(30,125820.4133800000),(31,128339.6943200000),(32,131052.2329500000),(33,136004.2978100000),(34,137238.4003400000),(35,139568.7961100000),(36,141468.6197700000),(37,143993.8090900000),(38,144861.0642100000),(39,145885.8554400000),(40,148237.6507100000),(41,148359.9979800000),(42,149302.1036100000),(43,149348.6659500000),(44,150363.0843000000),(45,150632.9384300000),(46,150368.1175100000),(47,150551.0454900000),(48,149946.0103000000),(49,151702.2195600000),(50,153282.2256800000),(51,152916.9695500000),(52,153082.8171700000),(53,152809.2850200000),(54,152994.8073400000),(55,152312.3427700000),(56,150423.5605600000),(57,150412.9364800000),(58,150604.6306300000),(59,150134.0342100000),(60,149735.5429700000),(61,148500.2596600000),(62,147968.8737000000),(63,146698.4052100000),(64,145493.3486500000),(65,142399.9046700000),(66,141338.7019700000),(67,140176.5156800000),(68,139410.1606000000),(69,138814.3663500000),(70,138176.0532300000),(71,137698.1479400000),(72,136260.3550300000),(73,134439.4031500000),(74,133493.2246600000),(75,132946.2276300000),(76,130742.8170500000),(77,129084.8327500000),(78,128456.3609300000),(79,127883.9541000000),(80,126576.1366800000),(81,124322.5310200000),(82,123409.2723000000),(83,122773.9343300000),(84,121653.9522300000),(85,119717.9335900000),(86,118641.7870600000),(87,117821.0666300000),(88,115227.7596600000),(89,113264.6707200000),(90,112293.9239400000),(91,111060.8610000000),(92,110198.2218900000),(93,109333.3891300000),(94,108069.0485000000),(95,106544.3286100000),(96,104818.0951500000),(97,103957.5164600000),(98,102414.0596800000),(99,101553.1291700000),(100,101321.5632000000),(101,100718.6927400000),(102,100981.6702500000),(103,100621.5396200000),(104,100543.5266100000),(105,100169.8465600000),(106,100063.8575200000),(107,99309.6134470000),(108,99629.3018540000),(109,99602.9404820000),(110,98785.3923390000),(111,98010.1768900000),(112,98900.9278730000),(113,101155.1916900000),(114,101536.5115100000),(115,101967.0906900000),(116,103343.8619200000),(117,104530.0600400000),(118,105639.5472200000),(119,108065.1018200000),(120,110479.8923900000),(121,116437.1551500000),(122,120558.7085800000),(123,122836.8918500000),(124,126165.9332100000),(125,130262.9782100000),(126,133029.7624800000),(127,135452.8898400000),(128,138035.3291300000),(129,141260.2012200000),(130,143727.3654400000),(131,145237.4690100000),(132,147018.9076400000),(133,150503.9371000000),(134,151621.9249500000),(135,152506.4939200000),(136,154070.1188400000),(137,155706.1930900000),(138,157291.9050500000),(139,157159.5729300000),(140,157668.5308000000),(141,157104.9513800000),(142,157461.4323200000),(143,159177.1319100000),(144,159597.0301400000),(145,160557.5979100000),(146,161152.5012200000),(147,161707.8523100000),(148,161384.8332300000),(149,161031.2741400000),(150,161170.7809700000),(151,160280.7263700000),(152,158114.4820100000),(153,158649.4026500000),(154,159360.5925900000),(155,158467.3628900000),(156,158359.9648300000),(157,158073.3172000000),(158,157671.8082700000),(159,155434.7180200000),(160,154427.5692500000),(161,153036.3560700000),(162,150553.2521600000),(163,148553.1159500000),(164,147769.8207300000),(165,147254.1018600000),(166,146020.4850700000),(167,145243.2580100000),(168,142875.5417700000),(169,140484.7053900000),(170,140227.0514200000),(171,139454.7675900000),(172,138112.3133100000),(173,135673.4639400000),(174,134788.8344300000),(175,134036.8008800000),(176,131688.6296300000),(177,129906.8222400000),(178,129758.1971400000),(179,128252.0001100000),(180,126854.9809800000),(181,125018.5700200000),(182,123705.3281600000),(183,122325.4004300000),(184,119740.0197600000),(185,118834.6108700000),(186,117394.0395100000),(187,115304.4240800000),(188,114358.8383500000),(189,113489.7303500000),(190,112837.7420600000),(191,112098.1844800000),(192,109215.7943200000),(193,106190.2721500000),(194,104540.1116500000),(195,103638.6631900000),(196,102799.1523600000),(197,103832.1240000000),(198,103133.2541900000),(199,102760.8569200000),(200,103001.6443500000),(201,102508.2597500000),(202,102212.4195200000),(203,101814.1438600000),(204,102571.4794700000),(205,101752.4142500000),(206,101310.5741500000),(207,99996.2208810000),(208,99908.7388380000),(209,102443.3380200000),(210,104087.2160200000),(211,104374.9148600000),(212,104611.8119000000),(213,107384.4135100000),(214,108224.6642600000),(215,110978.4932800000),(216,112626.4713200000),(217,118561.5933600000),(218,122355.4601400000),(219,124799.0431600000),(220,127923.9740700000),(221,132216.0663000000),(222,135334.8984700000),(223,137976.8047400000),(224,140763.2733500000),(225,144653.6891000000),(226,147223.6452200000),(227,147859.6284900000),(228,150010.4873600000),(229,153838.9007800000),(230,155399.5712200000),(231,156593.6924900000),(232,157744.7385200000),(233,160115.8427500000),(234,160606.9313000000),(235,159297.0902100000),(236,158395.3214800000),(237,158918.7032800000),(238,158279.8642800000),(239,159938.0157500000),(240,160696.8457900000),(241,162138.6093400000),(242,162376.8457200000),(243,162802.6863400000),(244,162680.9987100000),(245,163428.5659500000),(246,163328.2069500000),(247,161854.5803400000),(248,159829.5002000000),(249,160016.9764900000),(250,162153.2386000000),(251,161359.3368700000),(252,160313.0062800000),(253,158589.9480900000),(254,158737.4987000000),(255,157577.4675700000),(256,156543.6674100000),(257,154157.8271700000),(258,151829.8249400000),(259,149296.6973200000),(260,149158.2193900000),(261,149023.7258900000),(262,147425.1587100000),(263,146616.4224600000),(264,146058.0978800000),(265,142621.4294700000),(266,141507.5890100000),(267,140989.6435600000),(268,139323.5440900000),(269,136946.6789800000),(270,136566.5729900000),(271,135485.7531200000),(272,134125.3329900000),(273,132466.2252900000),(274,131192.3158900000),(275,129375.0984500000),(276,129659.0454100000),(277,126424.0228300000),(278,124718.8468000000),(279,123147.9549300000),(280,120139.9202000000),(281,117376.8746800000),(282,116970.9287200000),(283,115490.4184500000),(284,114795.0127500000),(285,113259.2813500000),(286,112361.4934200000),(287,111555.3143500000),(288,109824.1988900000),(289,107795.2674500000),(290,107049.1725800000),(291,105894.0998600000),(292,105057.5600300000),(293,105609.9548200000),(294,105461.1014100000),(295,104497.7264000000),(296,104559.5500000000),(297,105039.5726500000),(298,104516.5828900000),(299,104490.6314600000),(300,104781.7176800000),(301,104808.6043000000),(302,103812.4803300000),(303,102464.8485100000),(304,103771.0515500000),(305,105599.7704400000),(306,107288.8505800000),(307,107567.3482100000),(308,107815.3429900000),(309,108710.7476000000),(310,109876.5811000000),(311,112475.2035700000),(312,114968.6842100000),(313,121653.4813800000),(314,125423.8660600000),(315,128167.4725700000),(316,131049.6769500000),(317,135705.0321900000),(318,138015.3733500000),(319,141599.4191100000),(320,145790.1096100000),(321,149097.0339600000),(322,151398.7047400000),(323,152532.5843900000),(324,155316.3178400000),(325,157888.8099900000),(326,158787.3681100000),(327,161042.4597100000),(328,161754.4262600000),(329,162314.1764300000),(330,164301.5771300000),(331,164099.6491000000),(332,163641.0235800000),(333,164111.7267200000),(334,163562.5867200000),(335,163622.6566900000),(336,164493.6330400000),(337,165095.6716600000),(338,166435.0665600000),(339,166620.4975800000),(340,166376.7752700000),(341,166067.1002800000),(342,165822.3654600000),(343,165203.4929900000),(344,163455.0694000000),(345,162089.3179100000),(346,161871.4836300000),(347,161597.4005200000),(348,160643.3236100000),(349,159013.6876100000),(350,157689.4878000000),(351,157027.6053600000),(352,156022.3642100000),(353,154372.2439000000),(354,153114.5544000000),(355,151791.4871700000),(356,150038.3509300000),(357,148468.8615900000),(358,147291.9739800000),(359,146498.0855600000),(360,145084.1162900000),(361,142835.1559000000),(362,142086.3170200000),(363,141276.0472800000),(364,140133.3296200000),(365,138054.6935100000),(366,136639.2969300000),(367,135693.1099500000),(368,133444.3658000000),(369,130985.3531000000),(370,129878.5603100000),(371,129361.3324500000),(372,127931.5565300000),(373,126854.8495600000),(374,125570.5970700000),(375,123557.3105100000),(376,120180.6480000000),(377,119343.6440800000),(378,118053.4444900000),(379,116129.7824100000),(380,115826.6803400000),(381,113924.0395500000),(382,112699.8098100000),(383,111828.1356400000),(384,109909.5656400000),(385,105593.3162100000),(386,104593.5084200000),(387,103648.9619200000),(388,103097.6144100000),(389,103681.5910900000),(390,103169.5676500000),(391,103000.1306000000),(392,102237.2456800000),(393,102230.7063300000),(394,101710.8628800000),(395,101356.3973600000),(396,101727.8320900000),(397,101311.4021500000),(398,101473.9585700000),(399,100513.7737000000),(400,100909.5970000000),(401,103082.4807200000),(402,104148.2151500000),(403,104149.4576500000),(404,103325.4803600000),(405,103966.6880200000),(406,104832.6919900000),(407,104159.6608100000),(408,102265.1349100000),(409,105454.1976200000),(410,107453.9072000000),(411,106809.3307700000),(412,107585.3212000000),(413,110044.2972500000),(414,110952.4432500000),(415,111991.9672600000),(416,112244.8851400000),(417,113552.9439700000),(418,114388.8790900000),(419,114206.6708900000),(420,115343.0145500000),(421,117340.8606600000),(422,119295.8430800000),(423,120748.2129100000),(424,121435.0235500000),(425,122675.2085400000),(426,123400.7211200000),(427,124271.0288800000),(428,124315.4267300000),(429,124271.4566400000),(430,124785.4478200000),(431,124617.7441200000),(432,125638.9562700000),(433,126773.5706900000),(434,127332.7536500000),(435,127810.2322000000),(436,126910.3857100000),(437,126120.9602200000),(438,126363.6360900000),(439,126129.7220000000),(440,125326.4691400000),(441,125436.5794800000),(442,127082.4977000000),(443,127049.6520600000),(444,125611.6186900000),(445,125315.8097000000),(446,125426.3284200000),(447,125472.6061100000),(448,124287.5906800000),(449,123216.6375300000),(450,122335.7189400000),(451,121794.4743500000),(452,122092.4963400000),(453,120647.2196500000),(454,120493.0864200000),(455,120794.4927800000),(456,120366.8873800000),(457,119107.0880300000),(458,118417.6120900000),(459,118143.3450100000),(460,116833.0740200000),(461,116508.2286400000),(462,116382.2480100000),(463,114827.2037100000),(464,115321.1275400000),(465,114818.5654600000),(466,114272.6103600000),(467,113112.2936700000),(468,112924.0666500000),(469,111724.8809900000),(470,111008.7926100000),(471,109052.7521600000),(472,106462.2535600000),(473,106048.6819900000),(474,104249.5500700000),(475,103214.2731100000),(476,102201.9791900000),(477,101280.1088800000),(478,99981.5855700000),(479,98678.2938210000),(480,96988.0449420000),(481,94474.2223680000),(482,94044.2009550000),(483,92873.8017810000),(484,91668.2999910000),(485,92524.2484720000),(486,92573.9752870000),(487,93210.2155370000),(488,92566.0605110000),(489,92209.8974110000),(490,91595.7078160000),(491,91833.9755790000),(492,91498.3861790000),(493,91327.1192470000),(494,90730.3259430000),(495,89527.6706590000),(496,90685.0081390000),(497,92041.6484660000),(498,92757.4333580000),(499,93616.4648630000),(500,93444.2753880000),(501,93889.4568350000),(502,94706.0584060000),(503,94515.5622810000),(504,93837.1228470000),(505,96775.5843230000),(506,98070.8711250000),(507,97850.6391270000),(508,98736.6163960000),(509,100677.3989200000),(510,101204.0977700000),(511,101759.0072700000),(512,102630.7945300000),(513,105124.5714700000),(514,106137.7763100000),(515,106514.6375600000),(516,107403.5458200000),(517,109330.8146600000),(518,111227.4498700000),(519,111503.2420800000),(520,112947.0290000000),(521,114384.9163600000),(522,115849.8999300000),(523,116148.5776400000),(524,116115.4558900000),(525,115601.4895200000),(526,117259.0192700000),(527,117371.0610100000),(528,118558.1439000000),(529,119503.9187200000),(530,119596.4841500000),(531,119586.0684000000),(532,119423.2970800000),(533,120334.9053200000),(534,119527.5584500000),(535,119397.5960800000),(536,118372.2899500000),(537,118561.9130500000),(538,119549.7664300000),(539,120137.4290900000),(540,119901.1165500000),(541,119688.5931500000),(542,119086.6292600000),(543,120030.3760900000),(544,119731.7253000000),(545,119192.2644000000),(546,118437.5906600000),(547,118078.7787600000),(548,118249.4714900000),(549,118228.2576200000),(550,118156.9990200000),(551,118412.6595100000),(552,118099.5548000000),(553,116935.2680100000),(554,116912.3810500000),(555,116901.6054200000),(556,116884.9479500000),(557,116126.5916500000),(558,115365.7284800000),(559,114366.9152700000),(560,112952.9705700000),(561,112039.6081600000),(562,111456.3880500000),(563,110997.7645300000),(564,110203.0135400000),(565,108675.0856900000),(566,107924.4257600000),(567,106242.9861800000),(568,103980.8598200000),(569,102490.0748800000),(570,102807.5233900000),(571,101170.0340100000),(572,101114.3279500000),(573,99962.6146770000),(574,99017.3056560000),(575,96862.6759890000),(576,95209.9125760000),(577,91533.4825000000),(578,91400.6863680000),(579,90634.8675550000),(580,90149.7580920000),(581,90423.3359800000),(582,89778.4916200000),(583,89927.6601540000),(584,89626.4693790000),(585,89677.4286360000),(586,88937.2888590000),(587,88964.3719120000),(588,89252.5146940000),(589,88834.5122410000),(590,88292.7764720000),(591,87358.0847690000),(592,88109.1889280000),(593,89704.5127170000),(594,90804.3503000000),(595,91357.6433980000),(596,90800.0688920000),(597,91451.8970850000),(598,91149.8466050000),(599,91136.5800940000),(600,89942.9919320000),(601,91403.5556590000),(602,92562.6283720000),(603,93524.2722610000),(604,95450.9272490000),(605,97131.7988190000),(606,98054.8733600000),(607,98845.6774100000),(608,99810.5939280000),(609,100825.5888900000),(610,102394.9595900000),(611,102862.6525800000),(612,105058.5203100000),(613,106713.5343500000),(614,107790.7177100000),(615,108634.6515000000),(616,109311.9801600000),(617,110992.1127100000),(618,112264.2421000000),(619,111925.1205700000),(620,113620.3529300000),(621,114629.4721000000),(622,114134.2033500000),(623,114340.2883500000),(624,114998.4859900000),(625,115356.3423200000),(626,116073.4437900000),(627,116471.6020200000),(628,116245.0009300000),(629,116334.6451500000),(630,116363.0117800000),(631,116190.5365500000),(632,114749.8235400000),(633,115101.7081500000),(634,116224.1712100000),(635,115732.6714600000),(636,115840.3666300000),(637,115972.6510900000),(638,115848.3635700000),(639,116006.6288700000),(640,115701.2153200000),(641,115433.0825800000),(642,114434.6724100000),(643,113271.4145100000),(644,114561.8913900000),(645,114691.5481900000),(646,114495.9977400000),(647,114742.3450600000),(648,114812.9853000000),(649,114648.3243700000),(650,114493.6825900000),(651,113784.9622500000),(652,113739.2757300000),(653,113073.0725700000),(654,112130.0488900000),(655,111954.9494900000),(656,111211.4840500000),(657,110382.3242200000),(658,109718.0124900000),(659,110212.6824600000),(660,109154.8014100000),(661,107407.7651800000),(662,105989.9771300000),(663,104449.2717900000),(664,101169.0378900000),(665,96115.7495710000),(666,94446.0827100000),(667,92855.3505100000),(668,91181.8495740000),(669,89625.1456990000),(670,88848.3492790000),(671,87053.3083140000),(672,84508.5271610000);
/*!40000 ALTER TABLE `training` ENABLE KEYS */;
UNLOCK TABLES;
/*!40103 SET TIME_ZONE=@OLD_TIME_ZONE */;

/*!40101 SET SQL_MODE=@OLD_SQL_MODE */;
/*!40014 SET FOREIGN_KEY_CHECKS=@OLD_FOREIGN_KEY_CHECKS */;
/*!40014 SET UNIQUE_CHECKS=@OLD_UNIQUE_CHECKS */;
/*!40101 SET CHARACTER_SET_CLIENT=@OLD_CHARACTER_SET_CLIENT */;
/*!40101 SET CHARACTER_SET_RESULTS=@OLD_CHARACTER_SET_RESULTS */;
/*!40101 SET COLLATION_CONNECTION=@OLD_COLLATION_CONNECTION */;
/*!40111 SET SQL_NOTES=@OLD_SQL_NOTES */;

-- Dump completed on 2017-05-04 21:58:57
