-- MySQL dump 10.13  Distrib 5.7.17, for Linux (x86_64)
--
-- Host: localhost    Database: energetics
-- ------------------------------------------------------
-- Server version	5.7.17-0ubuntu0.16.04.1

/*!40101 SET @OLD_CHARACTER_SET_CLIENT=@@CHARACTER_SET_CLIENT */;
/*!40101 SET @OLD_CHARACTER_SET_RESULTS=@@CHARACTER_SET_RESULTS */;
/*!40101 SET @OLD_COLLATION_CONNECTION=@@COLLATION_CONNECTION */;
/*!40101 SET NAMES utf8 */;
/*!40103 SET @OLD_TIME_ZONE=@@TIME_ZONE */;
/*!40103 SET TIME_ZONE='+00:00' */;
/*!40014 SET @OLD_UNIQUE_CHECKS=@@UNIQUE_CHECKS, UNIQUE_CHECKS=0 */;
/*!40014 SET @OLD_FOREIGN_KEY_CHECKS=@@FOREIGN_KEY_CHECKS, FOREIGN_KEY_CHECKS=0 */;
/*!40101 SET @OLD_SQL_MODE=@@SQL_MODE, SQL_MODE='NO_AUTO_VALUE_ON_ZERO' */;
/*!40111 SET @OLD_SQL_NOTES=@@SQL_NOTES, SQL_NOTES=0 */;

--
-- Table structure for table `Cells`
--

DROP TABLE IF EXISTS `Cells`;
/*!40101 SET @saved_cs_client     = @@character_set_client */;
/*!40101 SET character_set_client = utf8 */;
CREATE TABLE `Cells` (
  `id` int(11) NOT NULL AUTO_INCREMENT,
  `pattern_id` int(11) DEFAULT NULL,
  PRIMARY KEY (`id`)
) ENGINE=InnoDB AUTO_INCREMENT=659 DEFAULT CHARSET=utf8 COLLATE=utf8_unicode_ci;
/*!40101 SET character_set_client = @saved_cs_client */;

--
-- Dumping data for table `Cells`
--

LOCK TABLES `Cells` WRITE;
/*!40000 ALTER TABLE `Cells` DISABLE KEYS */;
INSERT INTO `Cells` VALUES (1,1),(2,1),(3,1),(4,1),(5,1),(6,1),(7,1),(8,1),(9,1),(10,1),(11,1),(12,1),(13,1),(14,1),(15,1),(16,1),(17,1),(18,1),(19,1),(20,1),(21,1),(22,1),(23,1),(24,1),(25,1),(26,1),(27,1),(28,1),(29,1),(30,1),(31,1),(32,1),(33,1),(34,1),(35,1),(36,1),(37,1),(38,1),(39,1),(40,1),(41,1),(42,1),(43,1),(44,1),(45,1),(46,1),(47,1),(48,2),(49,2),(50,2),(51,2),(52,2),(53,2),(54,2),(55,2),(56,2),(57,2),(58,2),(59,2),(60,2),(61,2),(62,2),(63,2),(64,2),(65,2),(66,2),(67,2),(68,2),(69,2),(70,2),(71,2),(72,2),(73,2),(74,2),(75,2),(76,2),(77,2),(78,2),(79,2),(80,2),(81,2),(82,2),(83,2),(84,2),(85,2),(86,2),(87,2),(88,2),(89,2),(90,2),(91,2),(92,2),(93,2),(94,2),(95,3),(96,3),(97,3),(98,3),(99,3),(100,3),(101,3),(102,3),(103,3),(104,3),(105,3),(106,3),(107,3),(108,3),(109,3),(110,3),(111,3),(112,3),(113,3),(114,3),(115,3),(116,3),(117,3),(118,3),(119,3),(120,3),(121,3),(122,3),(123,3),(124,3),(125,3),(126,3),(127,3),(128,3),(129,3),(130,3),(131,3),(132,3),(133,3),(134,3),(135,3),(136,3),(137,3),(138,3),(139,3),(140,3),(141,3),(142,4),(143,4),(144,4),(145,4),(146,4),(147,4),(148,4),(149,4),(150,4),(151,4),(152,4),(153,4),(154,4),(155,4),(156,4),(157,4),(158,4),(159,4),(160,4),(161,4),(162,4),(163,4),(164,4),(165,4),(166,4),(167,4),(168,4),(169,4),(170,4),(171,4),(172,4),(173,4),(174,4),(175,4),(176,4),(177,4),(178,4),(179,4),(180,4),(181,4),(182,4),(183,4),(184,4),(185,4),(186,4),(187,4),(188,4),(189,5),(190,5),(191,5),(192,5),(193,5),(194,5),(195,5),(196,5),(197,5),(198,5),(199,5),(200,5),(201,5),(202,5),(203,5),(204,5),(205,5),(206,5),(207,5),(208,5),(209,5),(210,5),(211,5),(212,5),(213,5),(214,5),(215,5),(216,5),(217,5),(218,5),(219,5),(220,5),(221,5),(222,5),(223,5),(224,5),(225,5),(226,5),(227,5),(228,5),(229,5),(230,5),(231,5),(232,5),(233,5),(234,5),(235,5),(236,6),(237,6),(238,6),(239,6),(240,6),(241,6),(242,6),(243,6),(244,6),(245,6),(246,6),(247,6),(248,6),(249,6),(250,6),(251,6),(252,6),(253,6),(254,6),(255,6),(256,6),(257,6),(258,6),(259,6),(260,6),(261,6),(262,6),(263,6),(264,6),(265,6),(266,6),(267,6),(268,6),(269,6),(270,6),(271,6),(272,6),(273,6),(274,6),(275,6),(276,6),(277,6),(278,6),(279,6),(280,6),(281,6),(282,6),(283,7),(284,7),(285,7),(286,7),(287,7),(288,7),(289,7),(290,7),(291,7),(292,7),(293,7),(294,7),(295,7),(296,7),(297,7),(298,7),(299,7),(300,7),(301,7),(302,7),(303,7),(304,7),(305,7),(306,7),(307,7),(308,7),(309,7),(310,7),(311,7),(312,7),(313,7),(314,7),(315,7),(316,7),(317,7),(318,7),(319,7),(320,7),(321,7),(322,7),(323,7),(324,7),(325,7),(326,7),(327,7),(328,7),(329,7),(330,8),(331,8),(332,8),(333,8),(334,8),(335,8),(336,8),(337,8),(338,8),(339,8),(340,8),(341,8),(342,8),(343,8),(344,8),(345,8),(346,8),(347,8),(348,8),(349,8),(350,8),(351,8),(352,8),(353,8),(354,8),(355,8),(356,8),(357,8),(358,8),(359,8),(360,8),(361,8),(362,8),(363,8),(364,8),(365,8),(366,8),(367,8),(368,8),(369,8),(370,8),(371,8),(372,8),(373,8),(374,8),(375,8),(376,8),(377,9),(378,9),(379,9),(380,9),(381,9),(382,9),(383,9),(384,9),(385,9),(386,9),(387,9),(388,9),(389,9),(390,9),(391,9),(392,9),(393,9),(394,9),(395,9),(396,9),(397,9),(398,9),(399,9),(400,9),(401,9),(402,9),(403,9),(404,9),(405,9),(406,9),(407,9),(408,9),(409,9),(410,9),(411,9),(412,9),(413,9),(414,9),(415,9),(416,9),(417,9),(418,9),(419,9),(420,9),(421,9),(422,9),(423,9),(424,10),(425,10),(426,10),(427,10),(428,10),(429,10),(430,10),(431,10),(432,10),(433,10),(434,10),(435,10),(436,10),(437,10),(438,10),(439,10),(440,10),(441,10),(442,10),(443,10),(444,10),(445,10),(446,10),(447,10),(448,10),(449,10),(450,10),(451,10),(452,10),(453,10),(454,10),(455,10),(456,10),(457,10),(458,10),(459,10),(460,10),(461,10),(462,10),(463,10),(464,10),(465,10),(466,10),(467,10),(468,10),(469,10),(470,10),(471,11),(472,11),(473,11),(474,11),(475,11),(476,11),(477,11),(478,11),(479,11),(480,11),(481,11),(482,11),(483,11),(484,11),(485,11),(486,11),(487,11),(488,11),(489,11),(490,11),(491,11),(492,11),(493,11),(494,11),(495,11),(496,11),(497,11),(498,11),(499,11),(500,11),(501,11),(502,11),(503,11),(504,11),(505,11),(506,11),(507,11),(508,11),(509,11),(510,11),(511,11),(512,11),(513,11),(514,11),(515,11),(516,11),(517,11),(518,12),(519,12),(520,12),(521,12),(522,12),(523,12),(524,12),(525,12),(526,12),(527,12),(528,12),(529,12),(530,12),(531,12),(532,12),(533,12),(534,12),(535,12),(536,12),(537,12),(538,12),(539,12),(540,12),(541,12),(542,12),(543,12),(544,12),(545,12),(546,12),(547,12),(548,12),(549,12),(550,12),(551,12),(552,12),(553,12),(554,12),(555,12),(556,12),(557,12),(558,12),(559,12),(560,12),(561,12),(562,12),(563,12),(564,12),(565,13),(566,13),(567,13),(568,13),(569,13),(570,13),(571,13),(572,13),(573,13),(574,13),(575,13),(576,13),(577,13),(578,13),(579,13),(580,13),(581,13),(582,13),(583,13),(584,13),(585,13),(586,13),(587,13),(588,13),(589,13),(590,13),(591,13),(592,13),(593,13),(594,13),(595,13),(596,13),(597,13),(598,13),(599,13),(600,13),(601,13),(602,13),(603,13),(604,13),(605,13),(606,13),(607,13),(608,13),(609,13),(610,13),(611,13),(612,14),(613,14),(614,14),(615,14),(616,14),(617,14),(618,14),(619,14),(620,14),(621,14),(622,14),(623,14),(624,14),(625,14),(626,14),(627,14),(628,14),(629,14),(630,14),(631,14),(632,14),(633,14),(634,14),(635,14),(636,14),(637,14),(638,14),(639,14),(640,14),(641,14),(642,14),(643,14),(644,14),(645,14),(646,14),(647,14),(648,14),(649,14),(650,14),(651,14),(652,14),(653,14),(654,14),(655,14),(656,14),(657,14),(658,14);
/*!40000 ALTER TABLE `Cells` ENABLE KEYS */;
UNLOCK TABLES;

--
-- Table structure for table `Patterns`
--

DROP TABLE IF EXISTS `Patterns`;
/*!40101 SET @saved_cs_client     = @@character_set_client */;
/*!40101 SET character_set_client = utf8 */;
CREATE TABLE `Patterns` (
  `id` int(11) NOT NULL AUTO_INCREMENT,
  `name` varchar(2) COLLATE utf8_unicode_ci DEFAULT NULL,
  `day` varchar(45) COLLATE utf8_unicode_ci DEFAULT NULL,
  PRIMARY KEY (`id`)
) ENGINE=InnoDB AUTO_INCREMENT=15 DEFAULT CHARSET=utf8 COLLATE=utf8_unicode_ci;
/*!40101 SET character_set_client = @saved_cs_client */;

--
-- Dumping data for table `Patterns`
--

LOCK TABLES `Patterns` WRITE;
/*!40000 ALTER TABLE `Patterns` DISABLE KEYS */;
INSERT INTO `Patterns` VALUES (1,'X','Friday'),(2,'X','Monday'),(3,'X','Saturday'),(4,'X','Sunday'),(5,'X','Thursday'),(6,'X','Tuesday'),(7,'X','Wednesday'),(8,'Y','Friday'),(9,'Y','Monday'),(10,'Y','Saturday'),(11,'Y','Sunday'),(12,'Y','Thursday'),(13,'Y','Tuesday'),(14,'Y','Wednesday');
/*!40000 ALTER TABLE `Patterns` ENABLE KEYS */;
UNLOCK TABLES;

--
-- Table structure for table `errors`
--

DROP TABLE IF EXISTS `errors`;
/*!40101 SET @saved_cs_client     = @@character_set_client */;
/*!40101 SET character_set_client = utf8 */;
CREATE TABLE `errors` (
  `id` int(11) NOT NULL AUTO_INCREMENT,
  `error` decimal(20,10) DEFAULT NULL,
  PRIMARY KEY (`id`)
) ENGINE=InnoDB AUTO_INCREMENT=170 DEFAULT CHARSET=utf8 COLLATE=utf8_unicode_ci;
/*!40101 SET character_set_client = @saved_cs_client */;

--
-- Dumping data for table `errors`
--

LOCK TABLES `errors` WRITE;
/*!40000 ALTER TABLE `errors` DISABLE KEYS */;
INSERT INTO `errors` VALUES (1,0.0088850000),(2,0.0157240000),(3,0.0190750000),(4,0.0260430000),(5,0.0448380000),(6,0.0783800000),(7,0.0323630000),(8,0.0305080000),(9,0.0266380000),(10,0.0186580000),(11,0.0267010000),(12,0.0199680000),(13,0.0249720000),(14,0.0246920000),(15,0.0344040000),(16,0.0481810000),(17,0.0346090000),(18,0.0365380000),(19,0.0438190000),(20,0.0366120000),(21,0.0354260000),(22,0.0319310000),(23,0.0222710000),(24,0.0681790000),(25,0.0072270000),(26,0.0096900000),(27,0.0070090000),(28,0.0218220000),(29,0.0158070000),(30,0.0431900000),(31,0.0331670000),(32,0.0240600000),(33,0.0269100000),(34,0.0103400000),(35,0.0179910000),(36,0.0195520000),(37,0.0186450000),(38,0.0127240000),(39,0.0223770000),(40,0.0287920000),(41,0.0230810000),(42,0.0337490000),(43,0.0301420000),(44,0.0238370000),(45,0.0333800000),(46,0.0160580000),(47,0.0225650000),(48,0.0663620000),(49,0.0101630000),(50,0.0122880000),(51,0.0035320000),(52,0.0169480000),(53,0.0144670000),(54,0.0483840000),(55,0.0392270000),(56,0.0223250000),(57,0.0237590000),(58,0.0084410000),(59,0.0069270000),(60,0.0102280000),(61,0.0066080000),(62,0.0096860000),(63,0.0187300000),(64,0.0223230000),(65,0.0142490000),(66,0.0259380000),(67,0.0210920000),(68,0.0226600000),(69,0.0143490000),(70,0.0208210000),(71,0.0165430000),(72,0.0435400000),(73,0.0144020000),(74,0.0105150000),(75,0.0113770000),(76,0.0190290000),(77,0.0139150000),(78,0.0327690000),(79,0.0381310000),(80,0.0230410000),(81,0.0186640000),(82,0.0057600000),(83,0.0074570000),(84,0.0100490000),(85,0.0090050000),(86,0.0091180000),(87,0.0101550000),(88,0.0224220000),(89,0.0116280000),(90,0.0358420000),(91,0.0227650000),(92,0.0133680000),(93,0.0209000000),(94,0.0096970000),(95,0.0168070000),(96,0.0436550000),(97,0.0086220000),(98,0.0163780000),(99,0.0133480000),(100,0.0271080000),(101,0.0164650000),(102,0.0644290000),(103,0.0380390000),(104,0.0215270000),(105,0.0147000000),(106,0.0102730000),(107,0.0068510000),(108,0.0103180000),(109,0.0057220000),(110,0.0202660000),(111,0.0209790000),(112,0.0294890000),(113,0.0295670000),(114,0.0378420000),(115,0.0261610000),(116,0.0289230000),(117,0.0328210000),(118,0.0366470000),(119,0.0270340000),(120,0.0478760000),(121,0.0073020000),(122,0.0159780000),(123,0.0115260000),(124,0.0161220000),(125,0.0114260000),(126,0.0242690000),(127,0.0275970000),(128,0.0230060000),(129,0.0201190000),(130,0.0133490000),(131,0.0111390000),(132,0.0114240000),(133,0.0103870000),(134,0.0108890000),(135,0.0119740000),(136,0.0155850000),(137,0.0124500000),(138,0.0159250000),(139,0.0197380000),(140,0.0127280000),(141,0.0132290000),(142,0.0217110000),(143,0.0236510000),(144,0.1099130000),(145,0.0069400000),(146,0.0130680000),(147,0.0144550000),(148,0.0203140000),(149,0.0137790000),(150,0.0155190000),(151,0.0144630000),(152,0.0182720000),(153,0.0249660000),(154,0.0084210000),(155,0.0102460000),(156,0.0106350000),(157,0.0063950000),(158,0.0048290000),(159,0.0040530000),(160,0.0070180000),(161,0.0167270000),(162,0.0110200000),(163,0.0146390000),(164,0.0363400000),(165,0.0370130000),(166,0.0434190000),(167,0.0191400000),(168,0.3713520000),(169,0.0181840000);
/*!40000 ALTER TABLE `errors` ENABLE KEYS */;
UNLOCK TABLES;

--
-- Table structure for table `measurements`
--

DROP TABLE IF EXISTS `measurements`;
/*!40101 SET @saved_cs_client     = @@character_set_client */;
/*!40101 SET character_set_client = utf8 */;
CREATE TABLE `measurements` (
  `id` int(11) NOT NULL AUTO_INCREMENT,
  `date` varchar(45) COLLATE utf8_unicode_ci DEFAULT NULL,
  `time` varchar(45) COLLATE utf8_unicode_ci DEFAULT NULL,
  `consumption` decimal(20,10) DEFAULT NULL,
  `cell_id` int(11) DEFAULT NULL,
  PRIMARY KEY (`id`)
) ENGINE=InnoDB AUTO_INCREMENT=2633 DEFAULT CHARSET=utf8 COLLATE=utf8_unicode_ci;
/*!40101 SET character_set_client = @saved_cs_client */;

--
-- Dumping data for table `measurements`
--

LOCK TABLES `measurements` WRITE;
/*!40000 ALTER TABLE `measurements` DISABLE KEYS */;
INSERT INTO `measurements` VALUES (1,NULL,NULL,1.0000000000,1),(2,NULL,NULL,0.9905000000,1),(3,NULL,NULL,0.9910000000,1),(4,NULL,NULL,0.9947000000,1),(5,NULL,NULL,1.0057000000,2),(6,NULL,NULL,0.9951000000,2),(7,NULL,NULL,0.9984000000,2),(8,NULL,NULL,0.9926000000,2),(9,NULL,NULL,0.9999000000,3),(10,NULL,NULL,0.9949000000,3),(11,NULL,NULL,0.9965000000,3),(12,NULL,NULL,1.0037000000,3),(13,NULL,NULL,0.9959000000,4),(14,NULL,NULL,1.0016000000,4),(15,NULL,NULL,0.9905000000,4),(16,NULL,NULL,1.0039000000,4),(17,NULL,NULL,1.0215000000,5),(18,NULL,NULL,1.0103000000,5),(19,NULL,NULL,1.0000000000,5),(20,NULL,NULL,0.9921000000,5),(21,NULL,NULL,1.0062000000,6),(22,NULL,NULL,1.0083000000,6),(23,NULL,NULL,0.9936000000,6),(24,NULL,NULL,0.9818000000,6),(25,NULL,NULL,1.0312000000,7),(26,NULL,NULL,1.0190000000,7),(27,NULL,NULL,0.9940000000,7),(28,NULL,NULL,1.0073000000,7),(29,NULL,NULL,1.0229000000,8),(30,NULL,NULL,1.0083000000,8),(31,NULL,NULL,1.0094000000,8),(32,NULL,NULL,1.0023000000,8),(33,NULL,NULL,1.0117000000,9),(34,NULL,NULL,1.0074000000,9),(35,NULL,NULL,0.9984000000,9),(36,NULL,NULL,1.0099000000,9),(37,NULL,NULL,1.0173000000,10),(38,NULL,NULL,1.0167000000,10),(39,NULL,NULL,1.0122000000,10),(40,NULL,NULL,1.0057000000,10),(41,NULL,NULL,1.0102000000,11),(42,NULL,NULL,1.0059000000,11),(43,NULL,NULL,1.0071000000,11),(44,NULL,NULL,1.0004000000,11),(45,NULL,NULL,0.9996000000,12),(46,NULL,NULL,1.0041000000,12),(47,NULL,NULL,0.9987000000,12),(48,NULL,NULL,1.0082000000,12),(49,NULL,NULL,1.0090000000,13),(50,NULL,NULL,1.0044000000,13),(51,NULL,NULL,1.0037000000,13),(52,NULL,NULL,0.9930000000,13),(53,NULL,NULL,0.9938000000,14),(54,NULL,NULL,1.0019000000,14),(55,NULL,NULL,0.9981000000,14),(56,NULL,NULL,0.9936000000,14),(57,NULL,NULL,1.0009000000,15),(58,NULL,NULL,1.0131000000,15),(59,NULL,NULL,0.9997000000,15),(60,NULL,NULL,0.9887000000,15),(61,NULL,NULL,0.9976000000,16),(62,NULL,NULL,1.0009000000,16),(63,NULL,NULL,1.0004000000,16),(64,NULL,NULL,0.9906000000,16),(65,NULL,NULL,0.9914000000,17),(66,NULL,NULL,0.9929000000,17),(67,NULL,NULL,0.9956000000,17),(68,NULL,NULL,1.0024000000,17),(69,NULL,NULL,0.9882000000,18),(70,NULL,NULL,0.9987000000,18),(71,NULL,NULL,1.0025000000,18),(72,NULL,NULL,0.9965000000,18),(73,NULL,NULL,0.9895000000,19),(74,NULL,NULL,0.9942000000,19),(75,NULL,NULL,0.9977000000,19),(76,NULL,NULL,0.9889000000,19),(77,NULL,NULL,0.9972000000,20),(78,NULL,NULL,0.9989000000,20),(79,NULL,NULL,0.9866000000,20),(80,NULL,NULL,1.0043000000,20),(81,NULL,NULL,0.9956000000,21),(82,NULL,NULL,0.9952000000,21),(83,NULL,NULL,0.9898000000,21),(84,NULL,NULL,0.9983000000,21),(85,NULL,NULL,0.9894000000,22),(86,NULL,NULL,0.9936000000,22),(87,NULL,NULL,0.9824000000,22),(88,NULL,NULL,0.9762000000,22),(89,NULL,NULL,0.9961000000,23),(90,NULL,NULL,0.9830000000,23),(91,NULL,NULL,0.9901000000,23),(92,NULL,NULL,0.9902000000,23),(93,NULL,NULL,0.9910000000,24),(94,NULL,NULL,0.9872000000,24),(95,NULL,NULL,0.9870000000,24),(96,NULL,NULL,0.9829000000,24),(97,NULL,NULL,1.0659000000,25),(98,NULL,NULL,0.9946000000,25),(99,NULL,NULL,0.9985000000,25),(100,NULL,NULL,0.9837000000,25),(101,NULL,NULL,1.0025000000,26),(102,NULL,NULL,0.9974000000,26),(103,NULL,NULL,1.0019000000,26),(104,NULL,NULL,0.9965000000,26),(105,NULL,NULL,0.9974000000,27),(106,NULL,NULL,0.9985000000,27),(107,NULL,NULL,1.0019000000,27),(108,NULL,NULL,1.0015000000,27),(109,NULL,NULL,1.0027000000,28),(110,NULL,NULL,0.9998000000,28),(111,NULL,NULL,0.9905000000,28),(112,NULL,NULL,1.0047000000,28),(113,NULL,NULL,1.0271000000,29),(114,NULL,NULL,1.0083000000,29),(115,NULL,NULL,1.0096000000,29),(116,NULL,NULL,1.0097000000,29),(117,NULL,NULL,1.0117000000,30),(118,NULL,NULL,1.0172000000,30),(119,NULL,NULL,1.0125000000,30),(120,NULL,NULL,1.0120000000,30),(121,NULL,NULL,1.0526000000,31),(122,NULL,NULL,1.0361000000,31),(123,NULL,NULL,1.0147000000,31),(124,NULL,NULL,1.0234000000,31),(125,NULL,NULL,1.0427000000,32),(126,NULL,NULL,1.0229000000,32),(127,NULL,NULL,1.0115000000,32),(128,NULL,NULL,1.0153000000,32),(129,NULL,NULL,1.0219000000,33),(130,NULL,NULL,1.0121000000,33),(131,NULL,NULL,1.0103000000,33),(132,NULL,NULL,1.0121000000,33),(133,NULL,NULL,1.0137000000,34),(134,NULL,NULL,1.0098000000,34),(135,NULL,NULL,1.0116000000,34),(136,NULL,NULL,1.0030000000,34),(137,NULL,NULL,1.0055000000,35),(138,NULL,NULL,1.0013000000,35),(139,NULL,NULL,1.0041000000,35),(140,NULL,NULL,0.9994000000,35),(141,NULL,NULL,0.9975000000,36),(142,NULL,NULL,0.9965000000,36),(143,NULL,NULL,1.0069000000,36),(144,NULL,NULL,1.0038000000,36),(145,NULL,NULL,1.0077000000,37),(146,NULL,NULL,1.0070000000,37),(147,NULL,NULL,0.9974000000,37),(148,NULL,NULL,0.9949000000,37),(149,NULL,NULL,0.9980000000,38),(150,NULL,NULL,1.0036000000,38),(151,NULL,NULL,0.9948000000,38),(152,NULL,NULL,0.9833000000,38),(153,NULL,NULL,0.9974000000,39),(154,NULL,NULL,1.0053000000,39),(155,NULL,NULL,0.9942000000,39),(156,NULL,NULL,0.9911000000,39),(157,NULL,NULL,0.9966000000,40),(158,NULL,NULL,0.9934000000,40),(159,NULL,NULL,0.9866000000,40),(160,NULL,NULL,0.9904000000,40),(161,NULL,NULL,0.9851000000,41),(162,NULL,NULL,0.9973000000,41),(163,NULL,NULL,0.9827000000,41),(164,NULL,NULL,0.9961000000,41),(165,NULL,NULL,0.9990000000,42),(166,NULL,NULL,0.9928000000,42),(167,NULL,NULL,0.9892000000,42),(168,NULL,NULL,0.9892000000,42),(169,NULL,NULL,0.9889000000,43),(170,NULL,NULL,0.9906000000,43),(171,NULL,NULL,0.9914000000,43),(172,NULL,NULL,0.9955000000,43),(173,NULL,NULL,0.9833000000,44),(174,NULL,NULL,0.9909000000,44),(175,NULL,NULL,0.9943000000,44),(176,NULL,NULL,0.9851000000,44),(177,NULL,NULL,0.9874000000,45),(178,NULL,NULL,0.9872000000,45),(179,NULL,NULL,0.9903000000,45),(180,NULL,NULL,0.9939000000,45),(181,NULL,NULL,0.9877000000,46),(182,NULL,NULL,0.9907000000,46),(183,NULL,NULL,0.9833000000,46),(184,NULL,NULL,0.9665000000,46),(185,NULL,NULL,0.9985000000,47),(186,NULL,NULL,1.0030000000,47),(187,NULL,NULL,0.9932000000,47),(188,NULL,NULL,0.9910000000,47),(189,NULL,NULL,1.0000000000,48),(190,NULL,NULL,0.9853000000,48),(191,NULL,NULL,0.9899000000,48),(192,NULL,NULL,0.9916000000,48),(193,NULL,NULL,0.9980000000,49),(194,NULL,NULL,0.9956000000,49),(195,NULL,NULL,0.9937000000,49),(196,NULL,NULL,0.9946000000,49),(197,NULL,NULL,1.0038000000,50),(198,NULL,NULL,1.0072000000,50),(199,NULL,NULL,1.0034000000,50),(200,NULL,NULL,0.9977000000,50),(201,NULL,NULL,1.0125000000,51),(202,NULL,NULL,1.0019000000,51),(203,NULL,NULL,1.0262000000,51),(204,NULL,NULL,1.0221000000,51),(205,NULL,NULL,1.0334000000,52),(206,NULL,NULL,1.0178000000,52),(207,NULL,NULL,1.0165000000,52),(208,NULL,NULL,1.0180000000,52),(209,NULL,NULL,1.0427000000,53),(210,NULL,NULL,1.0282000000,53),(211,NULL,NULL,1.0387000000,53),(212,NULL,NULL,1.0462000000,53),(213,NULL,NULL,1.0905000000,54),(214,NULL,NULL,1.0526000000,54),(215,NULL,NULL,1.0153000000,54),(216,NULL,NULL,1.0302000000,54),(217,NULL,NULL,1.0320000000,55),(218,NULL,NULL,1.0251000000,55),(219,NULL,NULL,1.0200000000,55),(220,NULL,NULL,1.0211000000,55),(221,NULL,NULL,1.0378000000,56),(222,NULL,NULL,1.0091000000,56),(223,NULL,NULL,1.0170000000,56),(224,NULL,NULL,1.0136000000,56),(225,NULL,NULL,1.0178000000,57),(226,NULL,NULL,1.0060000000,57),(227,NULL,NULL,1.0071000000,57),(228,NULL,NULL,1.0161000000,57),(229,NULL,NULL,1.0008000000,58),(230,NULL,NULL,1.0064000000,58),(231,NULL,NULL,1.0003000000,58),(232,NULL,NULL,1.0068000000,58),(233,NULL,NULL,1.0018000000,59),(234,NULL,NULL,0.9982000000,59),(235,NULL,NULL,1.0012000000,59),(236,NULL,NULL,0.9960000000,59),(237,NULL,NULL,1.0117000000,60),(238,NULL,NULL,1.0104000000,60),(239,NULL,NULL,0.9976000000,60),(240,NULL,NULL,1.0011000000,60),(241,NULL,NULL,0.9982000000,61),(242,NULL,NULL,1.0012000000,61),(243,NULL,NULL,0.9955000000,61),(244,NULL,NULL,0.9876000000,61),(245,NULL,NULL,0.9999000000,62),(246,NULL,NULL,1.0013000000,62),(247,NULL,NULL,0.9969000000,62),(248,NULL,NULL,0.9973000000,62),(249,NULL,NULL,0.9918000000,63),(250,NULL,NULL,0.9964000000,63),(251,NULL,NULL,0.9914000000,63),(252,NULL,NULL,0.9918000000,63),(253,NULL,NULL,0.9787000000,64),(254,NULL,NULL,0.9925000000,64),(255,NULL,NULL,0.9918000000,64),(256,NULL,NULL,0.9945000000,64),(257,NULL,NULL,0.9957000000,65),(258,NULL,NULL,0.9954000000,65),(259,NULL,NULL,0.9965000000,65),(260,NULL,NULL,0.9896000000,65),(261,NULL,NULL,0.9866000000,66),(262,NULL,NULL,0.9930000000,66),(263,NULL,NULL,0.9959000000,66),(264,NULL,NULL,0.9834000000,66),(265,NULL,NULL,0.9873000000,67),(266,NULL,NULL,0.9951000000,67),(267,NULL,NULL,0.9955000000,67),(268,NULL,NULL,0.9898000000,67),(269,NULL,NULL,0.9822000000,68),(270,NULL,NULL,0.9927000000,68),(271,NULL,NULL,0.9949000000,68),(272,NULL,NULL,0.9909000000,68),(273,NULL,NULL,0.9841000000,69),(274,NULL,NULL,0.9910000000,69),(275,NULL,NULL,0.9931000000,69),(276,NULL,NULL,0.9780000000,69),(277,NULL,NULL,0.9830000000,70),(278,NULL,NULL,0.9914000000,70),(279,NULL,NULL,0.9890000000,70),(280,NULL,NULL,0.9922000000,70),(281,NULL,NULL,0.9922000000,71),(282,NULL,NULL,0.9884000000,71),(283,NULL,NULL,0.9859000000,71),(284,NULL,NULL,0.9838000000,71),(285,NULL,NULL,0.7804000000,72),(286,NULL,NULL,1.0078000000,72),(287,NULL,NULL,0.9923000000,72),(288,NULL,NULL,0.9923000000,72),(289,NULL,NULL,0.9952000000,73),(290,NULL,NULL,0.9962000000,73),(291,NULL,NULL,0.9944000000,73),(292,NULL,NULL,0.9896000000,73),(293,NULL,NULL,1.0096000000,74),(294,NULL,NULL,0.9938000000,74),(295,NULL,NULL,1.0009000000,74),(296,NULL,NULL,1.0031000000,74),(297,NULL,NULL,1.0205000000,75),(298,NULL,NULL,1.0109000000,75),(299,NULL,NULL,1.0247000000,75),(300,NULL,NULL,1.0026000000,75),(301,NULL,NULL,1.0242000000,76),(302,NULL,NULL,1.0301000000,76),(303,NULL,NULL,1.0288000000,76),(304,NULL,NULL,1.0057000000,76),(305,NULL,NULL,1.0249000000,77),(306,NULL,NULL,1.0215000000,77),(307,NULL,NULL,1.0436000000,77),(308,NULL,NULL,1.0382000000,77),(309,NULL,NULL,1.0876000000,78),(310,NULL,NULL,1.0465000000,78),(311,NULL,NULL,1.0299000000,78),(312,NULL,NULL,1.0320000000,78),(313,NULL,NULL,1.0318000000,79),(314,NULL,NULL,1.0345000000,79),(315,NULL,NULL,1.0322000000,79),(316,NULL,NULL,1.0144000000,79),(317,NULL,NULL,1.0238000000,80),(318,NULL,NULL,1.0191000000,80),(319,NULL,NULL,1.0043000000,80),(320,NULL,NULL,1.0168000000,80),(321,NULL,NULL,1.0188000000,81),(322,NULL,NULL,1.0051000000,81),(323,NULL,NULL,1.0136000000,81),(324,NULL,NULL,1.0127000000,81),(325,NULL,NULL,1.0128000000,82),(326,NULL,NULL,1.0049000000,82),(327,NULL,NULL,0.9990000000,82),(328,NULL,NULL,1.0049000000,82),(329,NULL,NULL,0.9960000000,83),(330,NULL,NULL,1.0009000000,83),(331,NULL,NULL,1.0029000000,83),(332,NULL,NULL,1.0018000000,83),(333,NULL,NULL,1.0117000000,84),(334,NULL,NULL,1.0024000000,84),(335,NULL,NULL,1.0006000000,84),(336,NULL,NULL,1.0042000000,84),(337,NULL,NULL,0.9992000000,85),(338,NULL,NULL,0.9942000000,85),(339,NULL,NULL,0.9992000000,85),(340,NULL,NULL,1.0002000000,85),(341,NULL,NULL,0.9996000000,86),(342,NULL,NULL,1.0030000000,86),(343,NULL,NULL,1.0004000000,86),(344,NULL,NULL,0.9991000000,86),(345,NULL,NULL,0.9860000000,87),(346,NULL,NULL,0.9923000000,87),(347,NULL,NULL,0.9975000000,87),(348,NULL,NULL,0.9884000000,87),(349,NULL,NULL,0.9849000000,88),(350,NULL,NULL,0.9893000000,88),(351,NULL,NULL,0.9851000000,88),(352,NULL,NULL,0.9909000000,88),(353,NULL,NULL,0.9983000000,89),(354,NULL,NULL,0.9909000000,89),(355,NULL,NULL,0.9935000000,89),(356,NULL,NULL,0.9860000000,89),(357,NULL,NULL,0.9838000000,90),(358,NULL,NULL,0.9963000000,90),(359,NULL,NULL,0.9914000000,90),(360,NULL,NULL,0.9857000000,90),(361,NULL,NULL,0.9833000000,91),(362,NULL,NULL,0.9940000000,91),(363,NULL,NULL,0.9941000000,91),(364,NULL,NULL,0.9804000000,91),(365,NULL,NULL,0.9887000000,92),(366,NULL,NULL,0.9925000000,92),(367,NULL,NULL,0.9863000000,92),(368,NULL,NULL,0.9930000000,92),(369,NULL,NULL,0.9787000000,93),(370,NULL,NULL,0.9905000000,93),(371,NULL,NULL,0.9800000000,93),(372,NULL,NULL,0.9750000000,93),(373,NULL,NULL,0.9871000000,94),(374,NULL,NULL,0.9936000000,94),(375,NULL,NULL,0.9877000000,94),(376,NULL,NULL,0.9992000000,94),(377,NULL,NULL,1.0000000000,95),(378,NULL,NULL,0.9954000000,95),(379,NULL,NULL,0.9876000000,95),(380,NULL,NULL,0.9870000000,95),(381,NULL,NULL,1.0093000000,96),(382,NULL,NULL,1.0005000000,96),(383,NULL,NULL,1.0069000000,96),(384,NULL,NULL,0.9931000000,96),(385,NULL,NULL,0.9962000000,97),(386,NULL,NULL,0.9933000000,97),(387,NULL,NULL,1.0026000000,97),(388,NULL,NULL,0.9963000000,97),(389,NULL,NULL,0.9981000000,98),(390,NULL,NULL,0.9935000000,98),(391,NULL,NULL,0.9867000000,98),(392,NULL,NULL,1.0129000000,98),(393,NULL,NULL,1.0150000000,99),(394,NULL,NULL,1.0078000000,99),(395,NULL,NULL,1.0093000000,99),(396,NULL,NULL,0.9982000000,99),(397,NULL,NULL,1.0048000000,100),(398,NULL,NULL,1.0087000000,100),(399,NULL,NULL,0.9980000000,100),(400,NULL,NULL,0.9928000000,100),(401,NULL,NULL,1.0313000000,101),(402,NULL,NULL,1.0134000000,101),(403,NULL,NULL,0.9978000000,101),(404,NULL,NULL,1.0091000000,101),(405,NULL,NULL,1.0197000000,102),(406,NULL,NULL,1.0052000000,102),(407,NULL,NULL,1.0055000000,102),(408,NULL,NULL,1.0086000000,102),(409,NULL,NULL,1.0243000000,103),(410,NULL,NULL,1.0096000000,103),(411,NULL,NULL,1.0036000000,103),(412,NULL,NULL,1.0083000000,103),(413,NULL,NULL,1.0179000000,104),(414,NULL,NULL,1.0173000000,104),(415,NULL,NULL,1.0025000000,104),(416,NULL,NULL,1.0129000000,104),(417,NULL,NULL,1.0127000000,105),(418,NULL,NULL,1.0128000000,105),(419,NULL,NULL,1.0026000000,105),(420,NULL,NULL,0.9997000000,105),(421,NULL,NULL,0.9956000000,106),(422,NULL,NULL,1.0143000000,106),(423,NULL,NULL,1.0010000000,106),(424,NULL,NULL,1.0101000000,106),(425,NULL,NULL,1.0080000000,107),(426,NULL,NULL,1.0008000000,107),(427,NULL,NULL,0.9999000000,107),(428,NULL,NULL,0.9986000000,107),(429,NULL,NULL,1.0076000000,108),(430,NULL,NULL,0.9933000000,108),(431,NULL,NULL,0.9989000000,108),(432,NULL,NULL,0.9914000000,108),(433,NULL,NULL,1.0016000000,109),(434,NULL,NULL,1.0083000000,109),(435,NULL,NULL,1.0049000000,109),(436,NULL,NULL,0.9980000000,109),(437,NULL,NULL,0.9982000000,110),(438,NULL,NULL,0.9950000000,110),(439,NULL,NULL,1.0079000000,110),(440,NULL,NULL,0.9975000000,110),(441,NULL,NULL,0.9955000000,111),(442,NULL,NULL,0.9937000000,111),(443,NULL,NULL,0.9970000000,111),(444,NULL,NULL,1.0014000000,111),(445,NULL,NULL,0.9998000000,112),(446,NULL,NULL,0.9994000000,112),(447,NULL,NULL,1.0022000000,112),(448,NULL,NULL,0.9974000000,112),(449,NULL,NULL,0.9901000000,113),(450,NULL,NULL,0.9998000000,113),(451,NULL,NULL,0.9999000000,113),(452,NULL,NULL,0.9999000000,113),(453,NULL,NULL,0.9935000000,114),(454,NULL,NULL,0.9934000000,114),(455,NULL,NULL,0.9913000000,114),(456,NULL,NULL,0.9876000000,114),(457,NULL,NULL,0.9919000000,115),(458,NULL,NULL,0.9948000000,115),(459,NULL,NULL,0.9959000000,115),(460,NULL,NULL,0.9928000000,115),(461,NULL,NULL,0.9861000000,116),(462,NULL,NULL,0.9931000000,116),(463,NULL,NULL,0.9844000000,116),(464,NULL,NULL,0.9787000000,116),(465,NULL,NULL,0.9857000000,117),(466,NULL,NULL,1.0031000000,117),(467,NULL,NULL,0.9841000000,117),(468,NULL,NULL,0.9994000000,117),(469,NULL,NULL,0.9886000000,118),(470,NULL,NULL,0.9905000000,118),(471,NULL,NULL,0.9782000000,118),(472,NULL,NULL,0.9829000000,118),(473,NULL,NULL,1.0717000000,119),(474,NULL,NULL,0.9907000000,119),(475,NULL,NULL,0.9961000000,119),(476,NULL,NULL,0.9924000000,119),(477,NULL,NULL,0.9992000000,120),(478,NULL,NULL,1.0016000000,120),(479,NULL,NULL,0.9971000000,120),(480,NULL,NULL,0.9950000000,120),(481,NULL,NULL,0.9945000000,121),(482,NULL,NULL,0.9968000000,121),(483,NULL,NULL,1.0003000000,121),(484,NULL,NULL,1.0033000000,121),(485,NULL,NULL,1.0009000000,122),(486,NULL,NULL,0.9985000000,122),(487,NULL,NULL,0.9921000000,122),(488,NULL,NULL,1.0000000000,122),(489,NULL,NULL,1.0170000000,123),(490,NULL,NULL,1.0184000000,123),(491,NULL,NULL,1.0031000000,123),(492,NULL,NULL,0.9932000000,123),(493,NULL,NULL,0.9958000000,124),(494,NULL,NULL,0.9984000000,124),(495,NULL,NULL,0.9952000000,124),(496,NULL,NULL,0.9863000000,124),(497,NULL,NULL,1.0078000000,125),(498,NULL,NULL,1.0157000000,125),(499,NULL,NULL,1.0066000000,125),(500,NULL,NULL,1.0072000000,125),(501,NULL,NULL,1.0130000000,126),(502,NULL,NULL,1.0031000000,126),(503,NULL,NULL,0.9938000000,126),(504,NULL,NULL,1.0043000000,126),(505,NULL,NULL,1.0107000000,127),(506,NULL,NULL,1.0099000000,127),(507,NULL,NULL,1.0003000000,127),(508,NULL,NULL,1.0164000000,127),(509,NULL,NULL,1.0179000000,128),(510,NULL,NULL,1.0109000000,128),(511,NULL,NULL,1.0105000000,128),(512,NULL,NULL,1.0011000000,128),(513,NULL,NULL,1.0103000000,129),(514,NULL,NULL,1.0201000000,129),(515,NULL,NULL,1.0049000000,129),(516,NULL,NULL,0.9998000000,129),(517,NULL,NULL,1.0010000000,130),(518,NULL,NULL,0.9957000000,130),(519,NULL,NULL,0.9923000000,130),(520,NULL,NULL,1.0078000000,130),(521,NULL,NULL,1.0125000000,131),(522,NULL,NULL,0.9981000000,131),(523,NULL,NULL,1.0044000000,131),(524,NULL,NULL,0.9899000000,131),(525,NULL,NULL,0.9881000000,132),(526,NULL,NULL,1.0082000000,132),(527,NULL,NULL,0.9935000000,132),(528,NULL,NULL,0.9824000000,132),(529,NULL,NULL,1.0067000000,133),(530,NULL,NULL,1.0107000000,133),(531,NULL,NULL,0.9866000000,133),(532,NULL,NULL,1.0031000000,133),(533,NULL,NULL,0.9930000000,134),(534,NULL,NULL,1.0012000000,134),(535,NULL,NULL,1.0013000000,134),(536,NULL,NULL,1.0017000000,134),(537,NULL,NULL,0.9810000000,135),(538,NULL,NULL,1.0014000000,135),(539,NULL,NULL,0.9897000000,135),(540,NULL,NULL,1.0045000000,135),(541,NULL,NULL,1.0000000000,136),(542,NULL,NULL,1.0079000000,136),(543,NULL,NULL,0.9983000000,136),(544,NULL,NULL,0.9975000000,136),(545,NULL,NULL,0.9988000000,137),(546,NULL,NULL,0.9925000000,137),(547,NULL,NULL,0.9983000000,137),(548,NULL,NULL,1.0029000000,137),(549,NULL,NULL,0.9990000000,138),(550,NULL,NULL,1.0046000000,138),(551,NULL,NULL,0.9902000000,138),(552,NULL,NULL,0.9887000000,138),(553,NULL,NULL,0.9885000000,139),(554,NULL,NULL,0.9910000000,139),(555,NULL,NULL,0.9986000000,139),(556,NULL,NULL,0.9957000000,139),(557,NULL,NULL,0.9895000000,140),(558,NULL,NULL,0.9905000000,140),(559,NULL,NULL,0.9847000000,140),(560,NULL,NULL,0.9815000000,140),(561,NULL,NULL,0.9908000000,141),(562,NULL,NULL,0.9932000000,141),(563,NULL,NULL,0.9961000000,141),(564,NULL,NULL,0.9901000000,141),(565,NULL,NULL,1.0000000000,142),(566,NULL,NULL,0.9985000000,142),(567,NULL,NULL,0.9916000000,142),(568,NULL,NULL,0.9946000000,142),(569,NULL,NULL,1.0030000000,143),(570,NULL,NULL,0.9929000000,143),(571,NULL,NULL,1.0017000000,143),(572,NULL,NULL,0.9967000000,143),(573,NULL,NULL,1.0006000000,144),(574,NULL,NULL,0.9917000000,144),(575,NULL,NULL,1.0003000000,144),(576,NULL,NULL,1.0032000000,144),(577,NULL,NULL,0.9953000000,145),(578,NULL,NULL,0.9939000000,145),(579,NULL,NULL,0.9894000000,145),(580,NULL,NULL,1.0086000000,145),(581,NULL,NULL,1.0181000000,146),(582,NULL,NULL,1.0123000000,146),(583,NULL,NULL,1.0061000000,146),(584,NULL,NULL,0.9939000000,146),(585,NULL,NULL,1.0072000000,147),(586,NULL,NULL,0.9967000000,147),(587,NULL,NULL,0.9999000000,147),(588,NULL,NULL,0.9869000000,147),(589,NULL,NULL,1.0162000000,148),(590,NULL,NULL,1.0127000000,148),(591,NULL,NULL,1.0104000000,148),(592,NULL,NULL,1.0206000000,148),(593,NULL,NULL,1.0176000000,149),(594,NULL,NULL,1.0095000000,149),(595,NULL,NULL,1.0081000000,149),(596,NULL,NULL,1.0098000000,149),(597,NULL,NULL,1.0102000000,150),(598,NULL,NULL,1.0156000000,150),(599,NULL,NULL,1.0046000000,150),(600,NULL,NULL,1.0213000000,150),(601,NULL,NULL,1.0158000000,151),(602,NULL,NULL,1.0101000000,151),(603,NULL,NULL,1.0078000000,151),(604,NULL,NULL,1.0062000000,151),(605,NULL,NULL,1.0154000000,152),(606,NULL,NULL,1.0115000000,152),(607,NULL,NULL,0.9970000000,152),(608,NULL,NULL,1.0151000000,152),(609,NULL,NULL,1.0089000000,153),(610,NULL,NULL,0.9957000000,153),(611,NULL,NULL,1.0018000000,153),(612,NULL,NULL,1.0058000000,153),(613,NULL,NULL,1.0031000000,154),(614,NULL,NULL,1.0062000000,154),(615,NULL,NULL,1.0034000000,154),(616,NULL,NULL,0.9981000000,154),(617,NULL,NULL,1.0008000000,155),(618,NULL,NULL,1.0002000000,155),(619,NULL,NULL,0.9985000000,155),(620,NULL,NULL,0.9876000000,155),(621,NULL,NULL,1.0031000000,156),(622,NULL,NULL,1.0098000000,156),(623,NULL,NULL,0.9958000000,156),(624,NULL,NULL,1.0009000000,156),(625,NULL,NULL,1.0011000000,157),(626,NULL,NULL,0.9989000000,157),(627,NULL,NULL,1.0014000000,157),(628,NULL,NULL,0.9974000000,157),(629,NULL,NULL,0.9977000000,158),(630,NULL,NULL,0.9914000000,158),(631,NULL,NULL,0.9898000000,158),(632,NULL,NULL,1.0114000000,158),(633,NULL,NULL,1.0011000000,159),(634,NULL,NULL,0.9983000000,159),(635,NULL,NULL,1.0022000000,159),(636,NULL,NULL,1.0006000000,159),(637,NULL,NULL,0.9986000000,160),(638,NULL,NULL,0.9987000000,160),(639,NULL,NULL,0.9938000000,160),(640,NULL,NULL,0.9996000000,160),(641,NULL,NULL,0.9941000000,161),(642,NULL,NULL,0.9917000000,161),(643,NULL,NULL,0.9984000000,161),(644,NULL,NULL,0.9934000000,161),(645,NULL,NULL,0.9925000000,162),(646,NULL,NULL,0.9940000000,162),(647,NULL,NULL,1.0045000000,162),(648,NULL,NULL,0.9904000000,162),(649,NULL,NULL,0.9840000000,163),(650,NULL,NULL,0.9868000000,163),(651,NULL,NULL,0.9855000000,163),(652,NULL,NULL,0.9686000000,163),(653,NULL,NULL,0.9501000000,164),(654,NULL,NULL,0.9826000000,164),(655,NULL,NULL,0.9832000000,164),(656,NULL,NULL,0.9820000000,164),(657,NULL,NULL,0.9829000000,165),(658,NULL,NULL,0.9913000000,165),(659,NULL,NULL,0.9798000000,165),(660,NULL,NULL,0.9708000000,165),(661,NULL,NULL,1.0519000000,166),(662,NULL,NULL,0.9921000000,166),(663,NULL,NULL,0.9862000000,166),(664,NULL,NULL,0.9977000000,166),(665,NULL,NULL,1.0038000000,167),(666,NULL,NULL,0.9997000000,167),(667,NULL,NULL,0.9926000000,167),(668,NULL,NULL,1.0002000000,167),(669,NULL,NULL,0.9975000000,168),(670,NULL,NULL,0.9995000000,168),(671,NULL,NULL,1.0034000000,168),(672,NULL,NULL,0.9956000000,168),(673,NULL,NULL,0.9994000000,169),(674,NULL,NULL,0.9994000000,169),(675,NULL,NULL,0.9934000000,169),(676,NULL,NULL,1.0079000000,169),(677,NULL,NULL,1.0082000000,170),(678,NULL,NULL,1.0154000000,170),(679,NULL,NULL,1.0147000000,170),(680,NULL,NULL,1.0013000000,170),(681,NULL,NULL,1.0000000000,171),(682,NULL,NULL,0.9955000000,171),(683,NULL,NULL,0.9941000000,171),(684,NULL,NULL,0.9911000000,171),(685,NULL,NULL,1.0186000000,172),(686,NULL,NULL,1.0086000000,172),(687,NULL,NULL,1.0036000000,172),(688,NULL,NULL,1.0130000000,172),(689,NULL,NULL,1.0404000000,173),(690,NULL,NULL,1.0033000000,173),(691,NULL,NULL,0.9995000000,173),(692,NULL,NULL,1.0094000000,173),(693,NULL,NULL,1.0193000000,174),(694,NULL,NULL,1.0075000000,174),(695,NULL,NULL,0.9998000000,174),(696,NULL,NULL,1.0095000000,174),(697,NULL,NULL,1.0196000000,175),(698,NULL,NULL,1.0192000000,175),(699,NULL,NULL,1.0101000000,175),(700,NULL,NULL,1.0053000000,175),(701,NULL,NULL,1.0097000000,176),(702,NULL,NULL,1.0136000000,176),(703,NULL,NULL,0.9997000000,176),(704,NULL,NULL,0.9997000000,176),(705,NULL,NULL,1.0069000000,177),(706,NULL,NULL,1.0002000000,177),(707,NULL,NULL,0.9995000000,177),(708,NULL,NULL,1.0028000000,177),(709,NULL,NULL,1.0183000000,178),(710,NULL,NULL,1.0028000000,178),(711,NULL,NULL,1.0060000000,178),(712,NULL,NULL,1.0032000000,178),(713,NULL,NULL,0.9992000000,179),(714,NULL,NULL,1.0021000000,179),(715,NULL,NULL,1.0006000000,179),(716,NULL,NULL,0.9954000000,179),(717,NULL,NULL,1.0044000000,180),(718,NULL,NULL,1.0046000000,180),(719,NULL,NULL,1.0024000000,180),(720,NULL,NULL,0.9945000000,180),(721,NULL,NULL,1.0066000000,181),(722,NULL,NULL,1.0002000000,181),(723,NULL,NULL,0.9955000000,181),(724,NULL,NULL,0.9952000000,181),(725,NULL,NULL,1.0081000000,182),(726,NULL,NULL,0.9910000000,182),(727,NULL,NULL,0.9847000000,182),(728,NULL,NULL,1.0032000000,182),(729,NULL,NULL,1.0068000000,183),(730,NULL,NULL,0.9968000000,183),(731,NULL,NULL,1.0050000000,183),(732,NULL,NULL,1.0039000000,183),(733,NULL,NULL,0.9932000000,184),(734,NULL,NULL,0.9929000000,184),(735,NULL,NULL,0.9994000000,184),(736,NULL,NULL,0.9954000000,184),(737,NULL,NULL,0.9967000000,185),(738,NULL,NULL,0.9918000000,185),(739,NULL,NULL,0.9916000000,185),(740,NULL,NULL,0.9964000000,185),(741,NULL,NULL,1.0070000000,186),(742,NULL,NULL,0.9937000000,186),(743,NULL,NULL,0.9923000000,186),(744,NULL,NULL,0.9927000000,186),(745,NULL,NULL,0.9868000000,187),(746,NULL,NULL,0.9771000000,187),(747,NULL,NULL,0.9684000000,187),(748,NULL,NULL,0.9806000000,187),(749,NULL,NULL,0.9586000000,188),(750,NULL,NULL,0.9780000000,188),(751,NULL,NULL,0.9788000000,188),(752,NULL,NULL,0.9822000000,188),(753,NULL,NULL,1.0000000000,189),(754,NULL,NULL,0.9931000000,189),(755,NULL,NULL,0.9892000000,189),(756,NULL,NULL,0.9921000000,189),(757,NULL,NULL,1.0053000000,190),(758,NULL,NULL,0.9986000000,190),(759,NULL,NULL,0.9909000000,190),(760,NULL,NULL,1.0006000000,190),(761,NULL,NULL,1.0046000000,191),(762,NULL,NULL,0.9950000000,191),(763,NULL,NULL,0.9998000000,191),(764,NULL,NULL,1.0028000000,191),(765,NULL,NULL,1.0003000000,192),(766,NULL,NULL,0.9905000000,192),(767,NULL,NULL,0.9870000000,192),(768,NULL,NULL,1.0127000000,192),(769,NULL,NULL,1.0176000000,193),(770,NULL,NULL,1.0160000000,193),(771,NULL,NULL,1.0026000000,193),(772,NULL,NULL,1.0023000000,193),(773,NULL,NULL,1.0083000000,194),(774,NULL,NULL,1.0107000000,194),(775,NULL,NULL,1.0237000000,194),(776,NULL,NULL,1.0222000000,194),(777,NULL,NULL,1.0581000000,195),(778,NULL,NULL,1.0310000000,195),(779,NULL,NULL,1.0219000000,195),(780,NULL,NULL,1.0225000000,195),(781,NULL,NULL,1.0355000000,196),(782,NULL,NULL,1.0170000000,196),(783,NULL,NULL,1.0260000000,196),(784,NULL,NULL,1.0296000000,196),(785,NULL,NULL,1.0227000000,197),(786,NULL,NULL,1.0154000000,197),(787,NULL,NULL,1.0075000000,197),(788,NULL,NULL,1.0183000000,197),(789,NULL,NULL,1.0166000000,198),(790,NULL,NULL,1.0057000000,198),(791,NULL,NULL,1.0142000000,198),(792,NULL,NULL,1.0044000000,198),(793,NULL,NULL,1.0035000000,199),(794,NULL,NULL,1.0122000000,199),(795,NULL,NULL,0.9988000000,199),(796,NULL,NULL,0.9972000000,199),(797,NULL,NULL,1.0029000000,200),(798,NULL,NULL,0.9967000000,200),(799,NULL,NULL,1.0004000000,200),(800,NULL,NULL,1.0053000000,200),(801,NULL,NULL,1.0037000000,201),(802,NULL,NULL,1.0081000000,201),(803,NULL,NULL,1.0011000000,201),(804,NULL,NULL,0.9985000000,201),(805,NULL,NULL,0.9981000000,202),(806,NULL,NULL,0.9985000000,202),(807,NULL,NULL,0.9963000000,202),(808,NULL,NULL,0.9894000000,202),(809,NULL,NULL,0.9916000000,203),(810,NULL,NULL,0.9987000000,203),(811,NULL,NULL,0.9983000000,203),(812,NULL,NULL,0.9941000000,203),(813,NULL,NULL,0.9899000000,204),(814,NULL,NULL,0.9917000000,204),(815,NULL,NULL,0.9958000000,204),(816,NULL,NULL,0.9936000000,204),(817,NULL,NULL,0.9894000000,205),(818,NULL,NULL,0.9919000000,205),(819,NULL,NULL,0.9914000000,205),(820,NULL,NULL,0.9885000000,205),(821,NULL,NULL,0.9895000000,206),(822,NULL,NULL,0.9921000000,206),(823,NULL,NULL,0.9946000000,206),(824,NULL,NULL,0.9903000000,206),(825,NULL,NULL,0.9845000000,207),(826,NULL,NULL,0.9948000000,207),(827,NULL,NULL,0.9943000000,207),(828,NULL,NULL,0.9919000000,207),(829,NULL,NULL,0.9852000000,208),(830,NULL,NULL,0.9897000000,208),(831,NULL,NULL,0.9931000000,208),(832,NULL,NULL,0.9834000000,208),(833,NULL,NULL,0.9816000000,209),(834,NULL,NULL,0.9916000000,209),(835,NULL,NULL,0.9960000000,209),(836,NULL,NULL,0.9889000000,209),(837,NULL,NULL,0.9916000000,210),(838,NULL,NULL,0.9899000000,210),(839,NULL,NULL,0.9840000000,210),(840,NULL,NULL,0.9727000000,210),(841,NULL,NULL,0.9930000000,211),(842,NULL,NULL,0.9892000000,211),(843,NULL,NULL,0.9837000000,211),(844,NULL,NULL,0.9974000000,211),(845,NULL,NULL,0.9836000000,212),(846,NULL,NULL,0.9893000000,212),(847,NULL,NULL,0.9923000000,212),(848,NULL,NULL,0.9828000000,212),(849,NULL,NULL,0.9794000000,213),(850,NULL,NULL,0.9940000000,213),(851,NULL,NULL,0.9894000000,213),(852,NULL,NULL,0.9896000000,213),(853,NULL,NULL,1.0094000000,214),(854,NULL,NULL,0.9963000000,214),(855,NULL,NULL,0.9940000000,214),(856,NULL,NULL,0.9943000000,214),(857,NULL,NULL,1.0010000000,215),(858,NULL,NULL,0.9913000000,215),(859,NULL,NULL,0.9981000000,215),(860,NULL,NULL,0.9998000000,215),(861,NULL,NULL,0.9983000000,216),(862,NULL,NULL,0.9982000000,216),(863,NULL,NULL,0.9894000000,216),(864,NULL,NULL,1.0007000000,216),(865,NULL,NULL,1.0178000000,217),(866,NULL,NULL,1.0180000000,217),(867,NULL,NULL,1.0098000000,217),(868,NULL,NULL,1.0083000000,217),(869,NULL,NULL,1.0147000000,218),(870,NULL,NULL,1.0232000000,218),(871,NULL,NULL,1.0164000000,218),(872,NULL,NULL,1.0131000000,218),(873,NULL,NULL,1.0410000000,219),(874,NULL,NULL,1.0350000000,219),(875,NULL,NULL,1.0164000000,219),(876,NULL,NULL,1.0333000000,219),(877,NULL,NULL,1.0335000000,220),(878,NULL,NULL,1.0177000000,220),(879,NULL,NULL,1.0248000000,220),(880,NULL,NULL,1.0154000000,220),(881,NULL,NULL,1.0253000000,221),(882,NULL,NULL,1.0152000000,221),(883,NULL,NULL,0.9968000000,221),(884,NULL,NULL,1.0136000000,221),(885,NULL,NULL,1.0177000000,222),(886,NULL,NULL,1.0107000000,222),(887,NULL,NULL,0.9993000000,222),(888,NULL,NULL,1.0103000000,222),(889,NULL,NULL,1.0041000000,223),(890,NULL,NULL,1.0070000000,223),(891,NULL,NULL,1.0050000000,223),(892,NULL,NULL,1.0022000000,223),(893,NULL,NULL,0.9916000000,224),(894,NULL,NULL,1.0048000000,224),(895,NULL,NULL,0.9961000000,224),(896,NULL,NULL,1.0012000000,224),(897,NULL,NULL,1.0179000000,225),(898,NULL,NULL,0.9999000000,225),(899,NULL,NULL,0.9993000000,225),(900,NULL,NULL,0.9913000000,225),(901,NULL,NULL,0.9966000000,226),(902,NULL,NULL,1.0029000000,226),(903,NULL,NULL,1.0005000000,226),(904,NULL,NULL,0.9852000000,226),(905,NULL,NULL,1.0029000000,227),(906,NULL,NULL,0.9983000000,227),(907,NULL,NULL,0.9905000000,227),(908,NULL,NULL,0.9996000000,227),(909,NULL,NULL,0.9926000000,228),(910,NULL,NULL,0.9919000000,228),(911,NULL,NULL,0.9849000000,228),(912,NULL,NULL,0.9912000000,228),(913,NULL,NULL,0.9914000000,229),(914,NULL,NULL,0.9944000000,229),(915,NULL,NULL,0.9735000000,229),(916,NULL,NULL,0.9996000000,229),(917,NULL,NULL,0.9960000000,230),(918,NULL,NULL,0.9888000000,230),(919,NULL,NULL,0.9852000000,230),(920,NULL,NULL,0.9923000000,230),(921,NULL,NULL,0.9838000000,231),(922,NULL,NULL,0.9900000000,231),(923,NULL,NULL,0.9967000000,231),(924,NULL,NULL,0.9971000000,231),(925,NULL,NULL,0.9807000000,232),(926,NULL,NULL,0.9914000000,232),(927,NULL,NULL,0.9854000000,232),(928,NULL,NULL,1.0003000000,232),(929,NULL,NULL,0.9788000000,233),(930,NULL,NULL,0.9930000000,233),(931,NULL,NULL,0.9944000000,233),(932,NULL,NULL,0.9932000000,233),(933,NULL,NULL,0.9893000000,234),(934,NULL,NULL,0.9852000000,234),(935,NULL,NULL,0.9847000000,234),(936,NULL,NULL,0.9763000000,234),(937,NULL,NULL,0.9889000000,235),(938,NULL,NULL,0.9998000000,235),(939,NULL,NULL,0.9852000000,235),(940,NULL,NULL,0.9870000000,235),(941,NULL,NULL,1.0000000000,236),(942,NULL,NULL,0.9852000000,236),(943,NULL,NULL,0.9916000000,236),(944,NULL,NULL,0.9977000000,236),(945,NULL,NULL,0.9940000000,237),(946,NULL,NULL,1.0026000000,237),(947,NULL,NULL,0.9964000000,237),(948,NULL,NULL,0.9992000000,237),(949,NULL,NULL,0.9963000000,238),(950,NULL,NULL,0.9989000000,238),(951,NULL,NULL,0.9925000000,238),(952,NULL,NULL,1.0032000000,238),(953,NULL,NULL,0.9997000000,239),(954,NULL,NULL,0.9918000000,239),(955,NULL,NULL,0.9922000000,239),(956,NULL,NULL,1.0091000000,239),(957,NULL,NULL,1.0228000000,240),(958,NULL,NULL,1.0038000000,240),(959,NULL,NULL,1.0042000000,240),(960,NULL,NULL,1.0135000000,240),(961,NULL,NULL,1.0115000000,241),(962,NULL,NULL,1.0106000000,241),(963,NULL,NULL,1.0230000000,241),(964,NULL,NULL,1.0223000000,241),(965,NULL,NULL,1.0539000000,242),(966,NULL,NULL,1.0354000000,242),(967,NULL,NULL,1.0189000000,242),(968,NULL,NULL,1.0271000000,242),(969,NULL,NULL,1.0325000000,243),(970,NULL,NULL,1.0212000000,243),(971,NULL,NULL,1.0182000000,243),(972,NULL,NULL,1.0191000000,243),(973,NULL,NULL,1.0234000000,244),(974,NULL,NULL,1.0175000000,244),(975,NULL,NULL,1.0105000000,244),(976,NULL,NULL,1.0123000000,244),(977,NULL,NULL,1.0237000000,245),(978,NULL,NULL,1.0074000000,245),(979,NULL,NULL,1.0058000000,245),(980,NULL,NULL,1.0103000000,245),(981,NULL,NULL,1.0106000000,246),(982,NULL,NULL,1.0102000000,246),(983,NULL,NULL,0.9992000000,246),(984,NULL,NULL,1.0032000000,246),(985,NULL,NULL,0.9964000000,247),(986,NULL,NULL,1.0023000000,247),(987,NULL,NULL,1.0109000000,247),(988,NULL,NULL,1.0026000000,247),(989,NULL,NULL,1.0060000000,248),(990,NULL,NULL,1.0037000000,248),(991,NULL,NULL,1.0034000000,248),(992,NULL,NULL,0.9980000000,248),(993,NULL,NULL,0.9978000000,249),(994,NULL,NULL,1.0009000000,249),(995,NULL,NULL,0.9945000000,249),(996,NULL,NULL,0.9865000000,249),(997,NULL,NULL,1.0034000000,250),(998,NULL,NULL,1.0045000000,250),(999,NULL,NULL,0.9944000000,250),(1000,NULL,NULL,0.9993000000,250),(1001,NULL,NULL,0.9982000000,251),(1002,NULL,NULL,0.9975000000,251),(1003,NULL,NULL,0.9858000000,251),(1004,NULL,NULL,0.9935000000,251),(1005,NULL,NULL,0.9910000000,252),(1006,NULL,NULL,0.9838000000,252),(1007,NULL,NULL,0.9867000000,252),(1008,NULL,NULL,0.9947000000,252),(1009,NULL,NULL,0.9965000000,253),(1010,NULL,NULL,0.9916000000,253),(1011,NULL,NULL,0.9947000000,253),(1012,NULL,NULL,0.9837000000,253),(1013,NULL,NULL,0.9833000000,254),(1014,NULL,NULL,0.9982000000,254),(1015,NULL,NULL,0.9945000000,254),(1016,NULL,NULL,0.9904000000,254),(1017,NULL,NULL,0.9823000000,255),(1018,NULL,NULL,0.9935000000,255),(1019,NULL,NULL,0.9944000000,255),(1020,NULL,NULL,0.9825000000,255),(1021,NULL,NULL,0.9865000000,256),(1022,NULL,NULL,0.9989000000,256),(1023,NULL,NULL,0.9884000000,256),(1024,NULL,NULL,0.9891000000,256),(1025,NULL,NULL,0.9855000000,257),(1026,NULL,NULL,0.9895000000,257),(1027,NULL,NULL,0.9888000000,257),(1028,NULL,NULL,0.9789000000,257),(1029,NULL,NULL,0.9924000000,258),(1030,NULL,NULL,0.9879000000,258),(1031,NULL,NULL,0.9822000000,258),(1032,NULL,NULL,0.9918000000,258),(1033,NULL,NULL,0.9924000000,259),(1034,NULL,NULL,0.9943000000,259),(1035,NULL,NULL,0.9934000000,259),(1036,NULL,NULL,0.9743000000,259),(1037,NULL,NULL,0.9551000000,260),(1038,NULL,NULL,0.9893000000,260),(1039,NULL,NULL,0.9903000000,260),(1040,NULL,NULL,0.9899000000,260),(1041,NULL,NULL,1.0033000000,261),(1042,NULL,NULL,0.9966000000,261),(1043,NULL,NULL,0.9998000000,261),(1044,NULL,NULL,0.9981000000,261),(1045,NULL,NULL,0.9907000000,262),(1046,NULL,NULL,0.9945000000,262),(1047,NULL,NULL,1.0055000000,262),(1048,NULL,NULL,0.9998000000,262),(1049,NULL,NULL,1.0030000000,263),(1050,NULL,NULL,0.9952000000,263),(1051,NULL,NULL,0.9893000000,263),(1052,NULL,NULL,1.0010000000,263),(1053,NULL,NULL,1.0235000000,264),(1054,NULL,NULL,1.0139000000,264),(1055,NULL,NULL,1.0057000000,264),(1056,NULL,NULL,1.0115000000,264),(1057,NULL,NULL,1.0142000000,265),(1058,NULL,NULL,1.0235000000,265),(1059,NULL,NULL,1.0219000000,265),(1060,NULL,NULL,1.0156000000,265),(1061,NULL,NULL,1.0522000000,266),(1062,NULL,NULL,1.0345000000,266),(1063,NULL,NULL,1.0301000000,266),(1064,NULL,NULL,1.0171000000,266),(1065,NULL,NULL,1.0345000000,267),(1066,NULL,NULL,1.0277000000,267),(1067,NULL,NULL,1.0281000000,267),(1068,NULL,NULL,1.0254000000,267),(1069,NULL,NULL,1.0346000000,268),(1070,NULL,NULL,1.0169000000,268),(1071,NULL,NULL,1.0095000000,268),(1072,NULL,NULL,1.0118000000,268),(1073,NULL,NULL,1.0200000000,269),(1074,NULL,NULL,1.0162000000,269),(1075,NULL,NULL,1.0151000000,269),(1076,NULL,NULL,1.0018000000,269),(1077,NULL,NULL,1.0033000000,270),(1078,NULL,NULL,1.0049000000,270),(1079,NULL,NULL,1.0026000000,270),(1080,NULL,NULL,1.0045000000,270),(1081,NULL,NULL,0.9978000000,271),(1082,NULL,NULL,1.0031000000,271),(1083,NULL,NULL,0.9994000000,271),(1084,NULL,NULL,1.0022000000,271),(1085,NULL,NULL,1.0077000000,272),(1086,NULL,NULL,1.0024000000,272),(1087,NULL,NULL,1.0060000000,272),(1088,NULL,NULL,1.0040000000,272),(1089,NULL,NULL,1.0035000000,273),(1090,NULL,NULL,0.9904000000,273),(1091,NULL,NULL,0.9958000000,273),(1092,NULL,NULL,0.9869000000,273),(1093,NULL,NULL,1.0012000000,274),(1094,NULL,NULL,0.9976000000,274),(1095,NULL,NULL,0.9950000000,274),(1096,NULL,NULL,0.9964000000,274),(1097,NULL,NULL,0.9860000000,275),(1098,NULL,NULL,0.9905000000,275),(1099,NULL,NULL,0.9976000000,275),(1100,NULL,NULL,0.9917000000,275),(1101,NULL,NULL,0.9853000000,276),(1102,NULL,NULL,0.9832000000,276),(1103,NULL,NULL,0.9933000000,276),(1104,NULL,NULL,0.9960000000,276),(1105,NULL,NULL,0.9921000000,277),(1106,NULL,NULL,0.9942000000,277),(1107,NULL,NULL,0.9899000000,277),(1108,NULL,NULL,0.9834000000,277),(1109,NULL,NULL,0.9885000000,278),(1110,NULL,NULL,0.9952000000,278),(1111,NULL,NULL,0.9911000000,278),(1112,NULL,NULL,0.9916000000,278),(1113,NULL,NULL,0.9854000000,279),(1114,NULL,NULL,0.9868000000,279),(1115,NULL,NULL,0.9944000000,279),(1116,NULL,NULL,0.9920000000,279),(1117,NULL,NULL,0.9867000000,280),(1118,NULL,NULL,0.9863000000,280),(1119,NULL,NULL,0.9916000000,280),(1120,NULL,NULL,0.9923000000,280),(1121,NULL,NULL,0.9817000000,281),(1122,NULL,NULL,0.9886000000,281),(1123,NULL,NULL,0.9864000000,281),(1124,NULL,NULL,0.9783000000,281),(1125,NULL,NULL,0.9776000000,282),(1126,NULL,NULL,0.9855000000,282),(1127,NULL,NULL,0.9834000000,282),(1128,NULL,NULL,1.0019000000,282),(1129,NULL,NULL,1.0000000000,283),(1130,NULL,NULL,0.9845000000,283),(1131,NULL,NULL,0.9914000000,283),(1132,NULL,NULL,0.9919000000,283),(1133,NULL,NULL,1.0100000000,284),(1134,NULL,NULL,0.9933000000,284),(1135,NULL,NULL,0.9964000000,284),(1136,NULL,NULL,1.0023000000,284),(1137,NULL,NULL,0.9952000000,285),(1138,NULL,NULL,0.9971000000,285),(1139,NULL,NULL,0.9961000000,285),(1140,NULL,NULL,1.0074000000,285),(1141,NULL,NULL,0.9920000000,286),(1142,NULL,NULL,0.9957000000,286),(1143,NULL,NULL,0.9870000000,286),(1144,NULL,NULL,0.9991000000,286),(1145,NULL,NULL,1.0254000000,287),(1146,NULL,NULL,1.0160000000,287),(1147,NULL,NULL,1.0028000000,287),(1148,NULL,NULL,1.0023000000,287),(1149,NULL,NULL,1.0265000000,288),(1150,NULL,NULL,1.0078000000,288),(1151,NULL,NULL,1.0254000000,288),(1152,NULL,NULL,1.0148000000,288),(1153,NULL,NULL,1.0527000000,289),(1154,NULL,NULL,1.0320000000,289),(1155,NULL,NULL,1.0200000000,289),(1156,NULL,NULL,1.0250000000,289),(1157,NULL,NULL,1.0336000000,290),(1158,NULL,NULL,1.0236000000,290),(1159,NULL,NULL,1.0195000000,290),(1160,NULL,NULL,1.0202000000,290),(1161,NULL,NULL,1.0276000000,291),(1162,NULL,NULL,1.0178000000,291),(1163,NULL,NULL,1.0043000000,291),(1164,NULL,NULL,1.0145000000,291),(1165,NULL,NULL,1.0255000000,292),(1166,NULL,NULL,1.0101000000,292),(1167,NULL,NULL,1.0077000000,292),(1168,NULL,NULL,1.0074000000,292),(1169,NULL,NULL,1.0150000000,293),(1170,NULL,NULL,1.0031000000,293),(1171,NULL,NULL,0.9918000000,293),(1172,NULL,NULL,0.9943000000,293),(1173,NULL,NULL,1.0033000000,294),(1174,NULL,NULL,0.9960000000,294),(1175,NULL,NULL,1.0105000000,294),(1176,NULL,NULL,1.0047000000,294),(1177,NULL,NULL,1.0090000000,295),(1178,NULL,NULL,1.0015000000,295),(1179,NULL,NULL,1.0026000000,295),(1180,NULL,NULL,0.9993000000,295),(1181,NULL,NULL,1.0046000000,296),(1182,NULL,NULL,0.9994000000,296),(1183,NULL,NULL,0.9910000000,296),(1184,NULL,NULL,0.9875000000,296),(1185,NULL,NULL,1.0012000000,297),(1186,NULL,NULL,1.0134000000,297),(1187,NULL,NULL,0.9951000000,297),(1188,NULL,NULL,0.9935000000,297),(1189,NULL,NULL,0.9893000000,298),(1190,NULL,NULL,1.0009000000,298),(1191,NULL,NULL,0.9927000000,298),(1192,NULL,NULL,0.9934000000,298),(1193,NULL,NULL,0.9848000000,299),(1194,NULL,NULL,0.9849000000,299),(1195,NULL,NULL,0.9833000000,299),(1196,NULL,NULL,0.9991000000,299),(1197,NULL,NULL,0.9991000000,300),(1198,NULL,NULL,0.9893000000,300),(1199,NULL,NULL,0.9945000000,300),(1200,NULL,NULL,0.9962000000,300),(1201,NULL,NULL,0.9765000000,301),(1202,NULL,NULL,0.9922000000,301),(1203,NULL,NULL,0.9963000000,301),(1204,NULL,NULL,0.9882000000,301),(1205,NULL,NULL,0.9829000000,302),(1206,NULL,NULL,0.9972000000,302),(1207,NULL,NULL,0.9921000000,302),(1208,NULL,NULL,0.9900000000,302),(1209,NULL,NULL,0.9876000000,303),(1210,NULL,NULL,0.9904000000,303),(1211,NULL,NULL,0.9861000000,303),(1212,NULL,NULL,1.0022000000,303),(1213,NULL,NULL,0.9750000000,304),(1214,NULL,NULL,0.9865000000,304),(1215,NULL,NULL,0.9874000000,304),(1216,NULL,NULL,0.9756000000,304),(1217,NULL,NULL,0.9770000000,305),(1218,NULL,NULL,0.9965000000,305),(1219,NULL,NULL,0.9873000000,305),(1220,NULL,NULL,0.9940000000,305),(1221,NULL,NULL,0.9866000000,306),(1222,NULL,NULL,0.9921000000,306),(1223,NULL,NULL,0.9928000000,306),(1224,NULL,NULL,0.9845000000,306),(1225,NULL,NULL,0.9868000000,307),(1226,NULL,NULL,0.9875000000,307),(1227,NULL,NULL,0.9915000000,307),(1228,NULL,NULL,0.9944000000,307),(1229,NULL,NULL,1.0007000000,308),(1230,NULL,NULL,0.9922000000,308),(1231,NULL,NULL,1.0049000000,308),(1232,NULL,NULL,0.9969000000,308),(1233,NULL,NULL,0.9824000000,309),(1234,NULL,NULL,0.9978000000,309),(1235,NULL,NULL,1.0141000000,309),(1236,NULL,NULL,0.9993000000,309),(1237,NULL,NULL,1.0044000000,310),(1238,NULL,NULL,0.9941000000,310),(1239,NULL,NULL,0.9815000000,310),(1240,NULL,NULL,1.0013000000,310),(1241,NULL,NULL,1.0304000000,311),(1242,NULL,NULL,1.0170000000,311),(1243,NULL,NULL,1.0057000000,311),(1244,NULL,NULL,1.0019000000,311),(1245,NULL,NULL,1.0199000000,312),(1246,NULL,NULL,1.0130000000,312),(1247,NULL,NULL,1.0101000000,312),(1248,NULL,NULL,1.0175000000,312),(1249,NULL,NULL,1.0455000000,313),(1250,NULL,NULL,1.0347000000,313),(1251,NULL,NULL,1.0265000000,313),(1252,NULL,NULL,1.0276000000,313),(1253,NULL,NULL,1.0359000000,314),(1254,NULL,NULL,1.0306000000,314),(1255,NULL,NULL,1.0260000000,314),(1256,NULL,NULL,1.0207000000,314),(1257,NULL,NULL,1.0228000000,315),(1258,NULL,NULL,1.0150000000,315),(1259,NULL,NULL,1.0084000000,315),(1260,NULL,NULL,1.0144000000,315),(1261,NULL,NULL,1.0154000000,316),(1262,NULL,NULL,1.0153000000,316),(1263,NULL,NULL,1.0145000000,316),(1264,NULL,NULL,1.0043000000,316),(1265,NULL,NULL,1.0102000000,317),(1266,NULL,NULL,1.0048000000,317),(1267,NULL,NULL,1.0026000000,317),(1268,NULL,NULL,1.0002000000,317),(1269,NULL,NULL,0.9993000000,318),(1270,NULL,NULL,0.9984000000,318),(1271,NULL,NULL,1.0089000000,318),(1272,NULL,NULL,1.0061000000,318),(1273,NULL,NULL,1.0076000000,319),(1274,NULL,NULL,1.0070000000,319),(1275,NULL,NULL,0.9974000000,319),(1276,NULL,NULL,0.9998000000,319),(1277,NULL,NULL,1.0034000000,320),(1278,NULL,NULL,0.9997000000,320),(1279,NULL,NULL,0.9972000000,320),(1280,NULL,NULL,0.9928000000,320),(1281,NULL,NULL,0.9957000000,321),(1282,NULL,NULL,0.9972000000,321),(1283,NULL,NULL,0.9914000000,321),(1284,NULL,NULL,0.9934000000,321),(1285,NULL,NULL,0.9958000000,322),(1286,NULL,NULL,0.9910000000,322),(1287,NULL,NULL,0.9956000000,322),(1288,NULL,NULL,0.9965000000,322),(1289,NULL,NULL,0.9785000000,323),(1290,NULL,NULL,0.9935000000,323),(1291,NULL,NULL,0.9892000000,323),(1292,NULL,NULL,0.9859000000,323),(1293,NULL,NULL,0.9930000000,324),(1294,NULL,NULL,1.0009000000,324),(1295,NULL,NULL,0.9913000000,324),(1296,NULL,NULL,0.9836000000,324),(1297,NULL,NULL,0.9847000000,325),(1298,NULL,NULL,0.9867000000,325),(1299,NULL,NULL,0.9917000000,325),(1300,NULL,NULL,0.9976000000,325),(1301,NULL,NULL,0.9834000000,326),(1302,NULL,NULL,0.9886000000,326),(1303,NULL,NULL,0.9925000000,326),(1304,NULL,NULL,0.9884000000,326),(1305,NULL,NULL,0.9823000000,327),(1306,NULL,NULL,0.9881000000,327),(1307,NULL,NULL,0.9916000000,327),(1308,NULL,NULL,0.9923000000,327),(1309,NULL,NULL,0.9923000000,328),(1310,NULL,NULL,0.9850000000,328),(1311,NULL,NULL,0.9907000000,328),(1312,NULL,NULL,0.9777000000,328),(1313,NULL,NULL,0.9752000000,329),(1314,NULL,NULL,1.0019000000,329),(1315,NULL,NULL,0.9958000000,329),(1316,NULL,NULL,0.9897000000,329),(1317,NULL,NULL,1.0000000000,330),(1318,NULL,NULL,0.9905000000,330),(1319,NULL,NULL,0.9910000000,330),(1320,NULL,NULL,0.9947000000,330),(1321,NULL,NULL,1.0057000000,331),(1322,NULL,NULL,0.9951000000,331),(1323,NULL,NULL,0.9984000000,331),(1324,NULL,NULL,0.9926000000,331),(1325,NULL,NULL,0.9999000000,332),(1326,NULL,NULL,0.9949000000,332),(1327,NULL,NULL,0.9965000000,332),(1328,NULL,NULL,1.0037000000,332),(1329,NULL,NULL,0.9959000000,333),(1330,NULL,NULL,1.0016000000,333),(1331,NULL,NULL,0.9905000000,333),(1332,NULL,NULL,1.0039000000,333),(1333,NULL,NULL,1.0215000000,334),(1334,NULL,NULL,1.0103000000,334),(1335,NULL,NULL,1.0000000000,334),(1336,NULL,NULL,0.9921000000,334),(1337,NULL,NULL,1.0062000000,335),(1338,NULL,NULL,1.0083000000,335),(1339,NULL,NULL,0.9936000000,335),(1340,NULL,NULL,0.9818000000,335),(1341,NULL,NULL,1.0312000000,336),(1342,NULL,NULL,1.0190000000,336),(1343,NULL,NULL,0.9940000000,336),(1344,NULL,NULL,1.0073000000,336),(1345,NULL,NULL,1.0229000000,337),(1346,NULL,NULL,1.0083000000,337),(1347,NULL,NULL,1.0094000000,337),(1348,NULL,NULL,1.0023000000,337),(1349,NULL,NULL,1.0117000000,338),(1350,NULL,NULL,1.0074000000,338),(1351,NULL,NULL,0.9984000000,338),(1352,NULL,NULL,1.0099000000,338),(1353,NULL,NULL,1.0173000000,339),(1354,NULL,NULL,1.0167000000,339),(1355,NULL,NULL,1.0122000000,339),(1356,NULL,NULL,1.0057000000,339),(1357,NULL,NULL,1.0102000000,340),(1358,NULL,NULL,1.0059000000,340),(1359,NULL,NULL,1.0071000000,340),(1360,NULL,NULL,1.0004000000,340),(1361,NULL,NULL,0.9996000000,341),(1362,NULL,NULL,1.0041000000,341),(1363,NULL,NULL,0.9987000000,341),(1364,NULL,NULL,1.0082000000,341),(1365,NULL,NULL,1.0090000000,342),(1366,NULL,NULL,1.0044000000,342),(1367,NULL,NULL,1.0037000000,342),(1368,NULL,NULL,0.9930000000,342),(1369,NULL,NULL,0.9938000000,343),(1370,NULL,NULL,1.0019000000,343),(1371,NULL,NULL,0.9981000000,343),(1372,NULL,NULL,0.9936000000,343),(1373,NULL,NULL,1.0009000000,344),(1374,NULL,NULL,1.0131000000,344),(1375,NULL,NULL,0.9997000000,344),(1376,NULL,NULL,0.9887000000,344),(1377,NULL,NULL,0.9976000000,345),(1378,NULL,NULL,1.0009000000,345),(1379,NULL,NULL,1.0004000000,345),(1380,NULL,NULL,0.9906000000,345),(1381,NULL,NULL,0.9914000000,346),(1382,NULL,NULL,0.9929000000,346),(1383,NULL,NULL,0.9956000000,346),(1384,NULL,NULL,1.0024000000,346),(1385,NULL,NULL,0.9882000000,347),(1386,NULL,NULL,0.9987000000,347),(1387,NULL,NULL,1.0025000000,347),(1388,NULL,NULL,0.9965000000,347),(1389,NULL,NULL,0.9895000000,348),(1390,NULL,NULL,0.9942000000,348),(1391,NULL,NULL,0.9977000000,348),(1392,NULL,NULL,0.9889000000,348),(1393,NULL,NULL,0.9972000000,349),(1394,NULL,NULL,0.9989000000,349),(1395,NULL,NULL,0.9866000000,349),(1396,NULL,NULL,1.0043000000,349),(1397,NULL,NULL,0.9956000000,350),(1398,NULL,NULL,0.9952000000,350),(1399,NULL,NULL,0.9898000000,350),(1400,NULL,NULL,0.9983000000,350),(1401,NULL,NULL,0.9894000000,351),(1402,NULL,NULL,0.9936000000,351),(1403,NULL,NULL,0.9824000000,351),(1404,NULL,NULL,0.9762000000,351),(1405,NULL,NULL,0.9961000000,352),(1406,NULL,NULL,0.9830000000,352),(1407,NULL,NULL,0.9901000000,352),(1408,NULL,NULL,0.9902000000,352),(1409,NULL,NULL,0.9910000000,353),(1410,NULL,NULL,0.9872000000,353),(1411,NULL,NULL,0.9870000000,353),(1412,NULL,NULL,0.9829000000,353),(1413,NULL,NULL,1.0659000000,354),(1414,NULL,NULL,0.9946000000,354),(1415,NULL,NULL,0.9985000000,354),(1416,NULL,NULL,0.9837000000,354),(1417,NULL,NULL,1.0025000000,355),(1418,NULL,NULL,0.9974000000,355),(1419,NULL,NULL,1.0019000000,355),(1420,NULL,NULL,0.9965000000,355),(1421,NULL,NULL,0.9974000000,356),(1422,NULL,NULL,0.9985000000,356),(1423,NULL,NULL,1.0019000000,356),(1424,NULL,NULL,1.0015000000,356),(1425,NULL,NULL,1.0027000000,357),(1426,NULL,NULL,0.9998000000,357),(1427,NULL,NULL,0.9905000000,357),(1428,NULL,NULL,1.0047000000,357),(1429,NULL,NULL,1.0271000000,358),(1430,NULL,NULL,1.0083000000,358),(1431,NULL,NULL,1.0096000000,358),(1432,NULL,NULL,1.0097000000,358),(1433,NULL,NULL,1.0117000000,359),(1434,NULL,NULL,1.0172000000,359),(1435,NULL,NULL,1.0125000000,359),(1436,NULL,NULL,1.0120000000,359),(1437,NULL,NULL,1.0526000000,360),(1438,NULL,NULL,1.0361000000,360),(1439,NULL,NULL,1.0147000000,360),(1440,NULL,NULL,1.0234000000,360),(1441,NULL,NULL,1.0427000000,361),(1442,NULL,NULL,1.0229000000,361),(1443,NULL,NULL,1.0115000000,361),(1444,NULL,NULL,1.0153000000,361),(1445,NULL,NULL,1.0219000000,362),(1446,NULL,NULL,1.0121000000,362),(1447,NULL,NULL,1.0103000000,362),(1448,NULL,NULL,1.0121000000,362),(1449,NULL,NULL,1.0137000000,363),(1450,NULL,NULL,1.0098000000,363),(1451,NULL,NULL,1.0116000000,363),(1452,NULL,NULL,1.0030000000,363),(1453,NULL,NULL,1.0055000000,364),(1454,NULL,NULL,1.0013000000,364),(1455,NULL,NULL,1.0041000000,364),(1456,NULL,NULL,0.9994000000,364),(1457,NULL,NULL,0.9975000000,365),(1458,NULL,NULL,0.9965000000,365),(1459,NULL,NULL,1.0069000000,365),(1460,NULL,NULL,1.0038000000,365),(1461,NULL,NULL,1.0077000000,366),(1462,NULL,NULL,1.0070000000,366),(1463,NULL,NULL,0.9974000000,366),(1464,NULL,NULL,0.9949000000,366),(1465,NULL,NULL,0.9980000000,367),(1466,NULL,NULL,1.0036000000,367),(1467,NULL,NULL,0.9948000000,367),(1468,NULL,NULL,0.9833000000,367),(1469,NULL,NULL,0.9974000000,368),(1470,NULL,NULL,1.0053000000,368),(1471,NULL,NULL,0.9942000000,368),(1472,NULL,NULL,0.9911000000,368),(1473,NULL,NULL,0.9966000000,369),(1474,NULL,NULL,0.9934000000,369),(1475,NULL,NULL,0.9866000000,369),(1476,NULL,NULL,0.9904000000,369),(1477,NULL,NULL,0.9851000000,370),(1478,NULL,NULL,0.9973000000,370),(1479,NULL,NULL,0.9827000000,370),(1480,NULL,NULL,0.9961000000,370),(1481,NULL,NULL,0.9990000000,371),(1482,NULL,NULL,0.9928000000,371),(1483,NULL,NULL,0.9892000000,371),(1484,NULL,NULL,0.9892000000,371),(1485,NULL,NULL,0.9889000000,372),(1486,NULL,NULL,0.9906000000,372),(1487,NULL,NULL,0.9914000000,372),(1488,NULL,NULL,0.9955000000,372),(1489,NULL,NULL,0.9833000000,373),(1490,NULL,NULL,0.9909000000,373),(1491,NULL,NULL,0.9943000000,373),(1492,NULL,NULL,0.9851000000,373),(1493,NULL,NULL,0.9874000000,374),(1494,NULL,NULL,0.9872000000,374),(1495,NULL,NULL,0.9903000000,374),(1496,NULL,NULL,0.9939000000,374),(1497,NULL,NULL,0.9877000000,375),(1498,NULL,NULL,0.9907000000,375),(1499,NULL,NULL,0.9833000000,375),(1500,NULL,NULL,0.9665000000,375),(1501,NULL,NULL,0.9985000000,376),(1502,NULL,NULL,1.0030000000,376),(1503,NULL,NULL,0.9932000000,376),(1504,NULL,NULL,0.9910000000,376),(1505,NULL,NULL,1.0000000000,377),(1506,NULL,NULL,0.9853000000,377),(1507,NULL,NULL,0.9899000000,377),(1508,NULL,NULL,0.9916000000,377),(1509,NULL,NULL,0.9980000000,378),(1510,NULL,NULL,0.9956000000,378),(1511,NULL,NULL,0.9937000000,378),(1512,NULL,NULL,0.9946000000,378),(1513,NULL,NULL,1.0038000000,379),(1514,NULL,NULL,1.0072000000,379),(1515,NULL,NULL,1.0034000000,379),(1516,NULL,NULL,0.9977000000,379),(1517,NULL,NULL,1.0125000000,380),(1518,NULL,NULL,1.0019000000,380),(1519,NULL,NULL,1.0262000000,380),(1520,NULL,NULL,1.0221000000,380),(1521,NULL,NULL,1.0334000000,381),(1522,NULL,NULL,1.0178000000,381),(1523,NULL,NULL,1.0165000000,381),(1524,NULL,NULL,1.0180000000,381),(1525,NULL,NULL,1.0427000000,382),(1526,NULL,NULL,1.0282000000,382),(1527,NULL,NULL,1.0387000000,382),(1528,NULL,NULL,1.0462000000,382),(1529,NULL,NULL,1.0905000000,383),(1530,NULL,NULL,1.0526000000,383),(1531,NULL,NULL,1.0153000000,383),(1532,NULL,NULL,1.0302000000,383),(1533,NULL,NULL,1.0320000000,384),(1534,NULL,NULL,1.0251000000,384),(1535,NULL,NULL,1.0200000000,384),(1536,NULL,NULL,1.0211000000,384),(1537,NULL,NULL,1.0378000000,385),(1538,NULL,NULL,1.0091000000,385),(1539,NULL,NULL,1.0170000000,385),(1540,NULL,NULL,1.0136000000,385),(1541,NULL,NULL,1.0178000000,386),(1542,NULL,NULL,1.0060000000,386),(1543,NULL,NULL,1.0071000000,386),(1544,NULL,NULL,1.0161000000,386),(1545,NULL,NULL,1.0008000000,387),(1546,NULL,NULL,1.0064000000,387),(1547,NULL,NULL,1.0003000000,387),(1548,NULL,NULL,1.0068000000,387),(1549,NULL,NULL,1.0018000000,388),(1550,NULL,NULL,0.9982000000,388),(1551,NULL,NULL,1.0012000000,388),(1552,NULL,NULL,0.9960000000,388),(1553,NULL,NULL,1.0117000000,389),(1554,NULL,NULL,1.0104000000,389),(1555,NULL,NULL,0.9976000000,389),(1556,NULL,NULL,1.0011000000,389),(1557,NULL,NULL,0.9982000000,390),(1558,NULL,NULL,1.0012000000,390),(1559,NULL,NULL,0.9955000000,390),(1560,NULL,NULL,0.9876000000,390),(1561,NULL,NULL,0.9999000000,391),(1562,NULL,NULL,1.0013000000,391),(1563,NULL,NULL,0.9969000000,391),(1564,NULL,NULL,0.9973000000,391),(1565,NULL,NULL,0.9918000000,392),(1566,NULL,NULL,0.9964000000,392),(1567,NULL,NULL,0.9914000000,392),(1568,NULL,NULL,0.9918000000,392),(1569,NULL,NULL,0.9787000000,393),(1570,NULL,NULL,0.9925000000,393),(1571,NULL,NULL,0.9918000000,393),(1572,NULL,NULL,0.9945000000,393),(1573,NULL,NULL,0.9957000000,394),(1574,NULL,NULL,0.9954000000,394),(1575,NULL,NULL,0.9965000000,394),(1576,NULL,NULL,0.9896000000,394),(1577,NULL,NULL,0.9866000000,395),(1578,NULL,NULL,0.9930000000,395),(1579,NULL,NULL,0.9959000000,395),(1580,NULL,NULL,0.9834000000,395),(1581,NULL,NULL,0.9873000000,396),(1582,NULL,NULL,0.9951000000,396),(1583,NULL,NULL,0.9955000000,396),(1584,NULL,NULL,0.9898000000,396),(1585,NULL,NULL,0.9822000000,397),(1586,NULL,NULL,0.9927000000,397),(1587,NULL,NULL,0.9949000000,397),(1588,NULL,NULL,0.9909000000,397),(1589,NULL,NULL,0.9841000000,398),(1590,NULL,NULL,0.9910000000,398),(1591,NULL,NULL,0.9931000000,398),(1592,NULL,NULL,0.9780000000,398),(1593,NULL,NULL,0.9830000000,399),(1594,NULL,NULL,0.9914000000,399),(1595,NULL,NULL,0.9890000000,399),(1596,NULL,NULL,0.9922000000,399),(1597,NULL,NULL,0.9922000000,400),(1598,NULL,NULL,0.9884000000,400),(1599,NULL,NULL,0.9859000000,400),(1600,NULL,NULL,0.9838000000,400),(1601,NULL,NULL,0.7804000000,401),(1602,NULL,NULL,1.0078000000,401),(1603,NULL,NULL,0.9923000000,401),(1604,NULL,NULL,0.9923000000,401),(1605,NULL,NULL,0.9952000000,402),(1606,NULL,NULL,0.9962000000,402),(1607,NULL,NULL,0.9944000000,402),(1608,NULL,NULL,0.9896000000,402),(1609,NULL,NULL,1.0096000000,403),(1610,NULL,NULL,0.9938000000,403),(1611,NULL,NULL,1.0009000000,403),(1612,NULL,NULL,1.0031000000,403),(1613,NULL,NULL,1.0205000000,404),(1614,NULL,NULL,1.0109000000,404),(1615,NULL,NULL,1.0247000000,404),(1616,NULL,NULL,1.0026000000,404),(1617,NULL,NULL,1.0242000000,405),(1618,NULL,NULL,1.0301000000,405),(1619,NULL,NULL,1.0288000000,405),(1620,NULL,NULL,1.0057000000,405),(1621,NULL,NULL,1.0249000000,406),(1622,NULL,NULL,1.0215000000,406),(1623,NULL,NULL,1.0436000000,406),(1624,NULL,NULL,1.0382000000,406),(1625,NULL,NULL,1.0876000000,407),(1626,NULL,NULL,1.0465000000,407),(1627,NULL,NULL,1.0299000000,407),(1628,NULL,NULL,1.0320000000,407),(1629,NULL,NULL,1.0318000000,408),(1630,NULL,NULL,1.0345000000,408),(1631,NULL,NULL,1.0322000000,408),(1632,NULL,NULL,1.0144000000,408),(1633,NULL,NULL,1.0238000000,409),(1634,NULL,NULL,1.0191000000,409),(1635,NULL,NULL,1.0043000000,409),(1636,NULL,NULL,1.0168000000,409),(1637,NULL,NULL,1.0188000000,410),(1638,NULL,NULL,1.0051000000,410),(1639,NULL,NULL,1.0136000000,410),(1640,NULL,NULL,1.0127000000,410),(1641,NULL,NULL,1.0128000000,411),(1642,NULL,NULL,1.0049000000,411),(1643,NULL,NULL,0.9990000000,411),(1644,NULL,NULL,1.0049000000,411),(1645,NULL,NULL,0.9960000000,412),(1646,NULL,NULL,1.0009000000,412),(1647,NULL,NULL,1.0029000000,412),(1648,NULL,NULL,1.0018000000,412),(1649,NULL,NULL,1.0117000000,413),(1650,NULL,NULL,1.0024000000,413),(1651,NULL,NULL,1.0006000000,413),(1652,NULL,NULL,1.0042000000,413),(1653,NULL,NULL,0.9992000000,414),(1654,NULL,NULL,0.9942000000,414),(1655,NULL,NULL,0.9992000000,414),(1656,NULL,NULL,1.0002000000,414),(1657,NULL,NULL,0.9996000000,415),(1658,NULL,NULL,1.0030000000,415),(1659,NULL,NULL,1.0004000000,415),(1660,NULL,NULL,0.9991000000,415),(1661,NULL,NULL,0.9860000000,416),(1662,NULL,NULL,0.9923000000,416),(1663,NULL,NULL,0.9975000000,416),(1664,NULL,NULL,0.9884000000,416),(1665,NULL,NULL,0.9849000000,417),(1666,NULL,NULL,0.9893000000,417),(1667,NULL,NULL,0.9851000000,417),(1668,NULL,NULL,0.9909000000,417),(1669,NULL,NULL,0.9983000000,418),(1670,NULL,NULL,0.9909000000,418),(1671,NULL,NULL,0.9935000000,418),(1672,NULL,NULL,0.9860000000,418),(1673,NULL,NULL,0.9838000000,419),(1674,NULL,NULL,0.9963000000,419),(1675,NULL,NULL,0.9914000000,419),(1676,NULL,NULL,0.9857000000,419),(1677,NULL,NULL,0.9833000000,420),(1678,NULL,NULL,0.9940000000,420),(1679,NULL,NULL,0.9941000000,420),(1680,NULL,NULL,0.9804000000,420),(1681,NULL,NULL,0.9887000000,421),(1682,NULL,NULL,0.9925000000,421),(1683,NULL,NULL,0.9863000000,421),(1684,NULL,NULL,0.9930000000,421),(1685,NULL,NULL,0.9787000000,422),(1686,NULL,NULL,0.9905000000,422),(1687,NULL,NULL,0.9800000000,422),(1688,NULL,NULL,0.9750000000,422),(1689,NULL,NULL,0.9871000000,423),(1690,NULL,NULL,0.9936000000,423),(1691,NULL,NULL,0.9877000000,423),(1692,NULL,NULL,0.9992000000,423),(1693,NULL,NULL,1.0000000000,424),(1694,NULL,NULL,0.9954000000,424),(1695,NULL,NULL,0.9876000000,424),(1696,NULL,NULL,0.9870000000,424),(1697,NULL,NULL,1.0093000000,425),(1698,NULL,NULL,1.0005000000,425),(1699,NULL,NULL,1.0069000000,425),(1700,NULL,NULL,0.9931000000,425),(1701,NULL,NULL,0.9962000000,426),(1702,NULL,NULL,0.9933000000,426),(1703,NULL,NULL,1.0026000000,426),(1704,NULL,NULL,0.9963000000,426),(1705,NULL,NULL,0.9981000000,427),(1706,NULL,NULL,0.9935000000,427),(1707,NULL,NULL,0.9867000000,427),(1708,NULL,NULL,1.0129000000,427),(1709,NULL,NULL,1.0150000000,428),(1710,NULL,NULL,1.0078000000,428),(1711,NULL,NULL,1.0093000000,428),(1712,NULL,NULL,0.9982000000,428),(1713,NULL,NULL,1.0048000000,429),(1714,NULL,NULL,1.0087000000,429),(1715,NULL,NULL,0.9980000000,429),(1716,NULL,NULL,0.9928000000,429),(1717,NULL,NULL,1.0313000000,430),(1718,NULL,NULL,1.0134000000,430),(1719,NULL,NULL,0.9978000000,430),(1720,NULL,NULL,1.0091000000,430),(1721,NULL,NULL,1.0197000000,431),(1722,NULL,NULL,1.0052000000,431),(1723,NULL,NULL,1.0055000000,431),(1724,NULL,NULL,1.0086000000,431),(1725,NULL,NULL,1.0243000000,432),(1726,NULL,NULL,1.0096000000,432),(1727,NULL,NULL,1.0036000000,432),(1728,NULL,NULL,1.0083000000,432),(1729,NULL,NULL,1.0179000000,433),(1730,NULL,NULL,1.0173000000,433),(1731,NULL,NULL,1.0025000000,433),(1732,NULL,NULL,1.0129000000,433),(1733,NULL,NULL,1.0127000000,434),(1734,NULL,NULL,1.0128000000,434),(1735,NULL,NULL,1.0026000000,434),(1736,NULL,NULL,0.9997000000,434),(1737,NULL,NULL,0.9956000000,435),(1738,NULL,NULL,1.0143000000,435),(1739,NULL,NULL,1.0010000000,435),(1740,NULL,NULL,1.0101000000,435),(1741,NULL,NULL,1.0080000000,436),(1742,NULL,NULL,1.0008000000,436),(1743,NULL,NULL,0.9999000000,436),(1744,NULL,NULL,0.9986000000,436),(1745,NULL,NULL,1.0076000000,437),(1746,NULL,NULL,0.9933000000,437),(1747,NULL,NULL,0.9989000000,437),(1748,NULL,NULL,0.9914000000,437),(1749,NULL,NULL,1.0016000000,438),(1750,NULL,NULL,1.0083000000,438),(1751,NULL,NULL,1.0049000000,438),(1752,NULL,NULL,0.9980000000,438),(1753,NULL,NULL,0.9982000000,439),(1754,NULL,NULL,0.9950000000,439),(1755,NULL,NULL,1.0079000000,439),(1756,NULL,NULL,0.9975000000,439),(1757,NULL,NULL,0.9955000000,440),(1758,NULL,NULL,0.9937000000,440),(1759,NULL,NULL,0.9970000000,440),(1760,NULL,NULL,1.0014000000,440),(1761,NULL,NULL,0.9998000000,441),(1762,NULL,NULL,0.9994000000,441),(1763,NULL,NULL,1.0022000000,441),(1764,NULL,NULL,0.9974000000,441),(1765,NULL,NULL,0.9901000000,442),(1766,NULL,NULL,0.9998000000,442),(1767,NULL,NULL,0.9999000000,442),(1768,NULL,NULL,0.9999000000,442),(1769,NULL,NULL,0.9935000000,443),(1770,NULL,NULL,0.9934000000,443),(1771,NULL,NULL,0.9913000000,443),(1772,NULL,NULL,0.9876000000,443),(1773,NULL,NULL,0.9919000000,444),(1774,NULL,NULL,0.9948000000,444),(1775,NULL,NULL,0.9959000000,444),(1776,NULL,NULL,0.9928000000,444),(1777,NULL,NULL,0.9861000000,445),(1778,NULL,NULL,0.9931000000,445),(1779,NULL,NULL,0.9844000000,445),(1780,NULL,NULL,0.9787000000,445),(1781,NULL,NULL,0.9857000000,446),(1782,NULL,NULL,1.0031000000,446),(1783,NULL,NULL,0.9841000000,446),(1784,NULL,NULL,0.9994000000,446),(1785,NULL,NULL,0.9886000000,447),(1786,NULL,NULL,0.9905000000,447),(1787,NULL,NULL,0.9782000000,447),(1788,NULL,NULL,0.9829000000,447),(1789,NULL,NULL,1.0717000000,448),(1790,NULL,NULL,0.9907000000,448),(1791,NULL,NULL,0.9961000000,448),(1792,NULL,NULL,0.9924000000,448),(1793,NULL,NULL,0.9992000000,449),(1794,NULL,NULL,1.0016000000,449),(1795,NULL,NULL,0.9971000000,449),(1796,NULL,NULL,0.9950000000,449),(1797,NULL,NULL,0.9945000000,450),(1798,NULL,NULL,0.9968000000,450),(1799,NULL,NULL,1.0003000000,450),(1800,NULL,NULL,1.0033000000,450),(1801,NULL,NULL,1.0009000000,451),(1802,NULL,NULL,0.9985000000,451),(1803,NULL,NULL,0.9921000000,451),(1804,NULL,NULL,1.0000000000,451),(1805,NULL,NULL,1.0170000000,452),(1806,NULL,NULL,1.0184000000,452),(1807,NULL,NULL,1.0031000000,452),(1808,NULL,NULL,0.9932000000,452),(1809,NULL,NULL,0.9958000000,453),(1810,NULL,NULL,0.9984000000,453),(1811,NULL,NULL,0.9952000000,453),(1812,NULL,NULL,0.9863000000,453),(1813,NULL,NULL,1.0078000000,454),(1814,NULL,NULL,1.0157000000,454),(1815,NULL,NULL,1.0066000000,454),(1816,NULL,NULL,1.0072000000,454),(1817,NULL,NULL,1.0130000000,455),(1818,NULL,NULL,1.0031000000,455),(1819,NULL,NULL,0.9938000000,455),(1820,NULL,NULL,1.0043000000,455),(1821,NULL,NULL,1.0107000000,456),(1822,NULL,NULL,1.0099000000,456),(1823,NULL,NULL,1.0003000000,456),(1824,NULL,NULL,1.0164000000,456),(1825,NULL,NULL,1.0179000000,457),(1826,NULL,NULL,1.0109000000,457),(1827,NULL,NULL,1.0105000000,457),(1828,NULL,NULL,1.0011000000,457),(1829,NULL,NULL,1.0103000000,458),(1830,NULL,NULL,1.0201000000,458),(1831,NULL,NULL,1.0049000000,458),(1832,NULL,NULL,0.9998000000,458),(1833,NULL,NULL,1.0010000000,459),(1834,NULL,NULL,0.9957000000,459),(1835,NULL,NULL,0.9923000000,459),(1836,NULL,NULL,1.0078000000,459),(1837,NULL,NULL,1.0125000000,460),(1838,NULL,NULL,0.9981000000,460),(1839,NULL,NULL,1.0044000000,460),(1840,NULL,NULL,0.9899000000,460),(1841,NULL,NULL,0.9881000000,461),(1842,NULL,NULL,1.0082000000,461),(1843,NULL,NULL,0.9935000000,461),(1844,NULL,NULL,0.9824000000,461),(1845,NULL,NULL,1.0067000000,462),(1846,NULL,NULL,1.0107000000,462),(1847,NULL,NULL,0.9866000000,462),(1848,NULL,NULL,1.0031000000,462),(1849,NULL,NULL,0.9930000000,463),(1850,NULL,NULL,1.0012000000,463),(1851,NULL,NULL,1.0013000000,463),(1852,NULL,NULL,1.0017000000,463),(1853,NULL,NULL,0.9810000000,464),(1854,NULL,NULL,1.0014000000,464),(1855,NULL,NULL,0.9897000000,464),(1856,NULL,NULL,1.0045000000,464),(1857,NULL,NULL,1.0000000000,465),(1858,NULL,NULL,1.0079000000,465),(1859,NULL,NULL,0.9983000000,465),(1860,NULL,NULL,0.9975000000,465),(1861,NULL,NULL,0.9988000000,466),(1862,NULL,NULL,0.9925000000,466),(1863,NULL,NULL,0.9983000000,466),(1864,NULL,NULL,1.0029000000,466),(1865,NULL,NULL,0.9990000000,467),(1866,NULL,NULL,1.0046000000,467),(1867,NULL,NULL,0.9902000000,467),(1868,NULL,NULL,0.9887000000,467),(1869,NULL,NULL,0.9885000000,468),(1870,NULL,NULL,0.9910000000,468),(1871,NULL,NULL,0.9986000000,468),(1872,NULL,NULL,0.9957000000,468),(1873,NULL,NULL,0.9895000000,469),(1874,NULL,NULL,0.9905000000,469),(1875,NULL,NULL,0.9847000000,469),(1876,NULL,NULL,0.9815000000,469),(1877,NULL,NULL,0.9908000000,470),(1878,NULL,NULL,0.9932000000,470),(1879,NULL,NULL,0.9961000000,470),(1880,NULL,NULL,0.9901000000,470),(1881,NULL,NULL,1.0000000000,471),(1882,NULL,NULL,0.9985000000,471),(1883,NULL,NULL,0.9916000000,471),(1884,NULL,NULL,0.9946000000,471),(1885,NULL,NULL,1.0030000000,472),(1886,NULL,NULL,0.9929000000,472),(1887,NULL,NULL,1.0017000000,472),(1888,NULL,NULL,0.9967000000,472),(1889,NULL,NULL,1.0006000000,473),(1890,NULL,NULL,0.9917000000,473),(1891,NULL,NULL,1.0003000000,473),(1892,NULL,NULL,1.0032000000,473),(1893,NULL,NULL,0.9953000000,474),(1894,NULL,NULL,0.9939000000,474),(1895,NULL,NULL,0.9894000000,474),(1896,NULL,NULL,1.0086000000,474),(1897,NULL,NULL,1.0181000000,475),(1898,NULL,NULL,1.0123000000,475),(1899,NULL,NULL,1.0061000000,475),(1900,NULL,NULL,0.9939000000,475),(1901,NULL,NULL,1.0072000000,476),(1902,NULL,NULL,0.9967000000,476),(1903,NULL,NULL,0.9999000000,476),(1904,NULL,NULL,0.9869000000,476),(1905,NULL,NULL,1.0162000000,477),(1906,NULL,NULL,1.0127000000,477),(1907,NULL,NULL,1.0104000000,477),(1908,NULL,NULL,1.0206000000,477),(1909,NULL,NULL,1.0176000000,478),(1910,NULL,NULL,1.0095000000,478),(1911,NULL,NULL,1.0081000000,478),(1912,NULL,NULL,1.0098000000,478),(1913,NULL,NULL,1.0102000000,479),(1914,NULL,NULL,1.0156000000,479),(1915,NULL,NULL,1.0046000000,479),(1916,NULL,NULL,1.0213000000,479),(1917,NULL,NULL,1.0158000000,480),(1918,NULL,NULL,1.0101000000,480),(1919,NULL,NULL,1.0078000000,480),(1920,NULL,NULL,1.0062000000,480),(1921,NULL,NULL,1.0154000000,481),(1922,NULL,NULL,1.0115000000,481),(1923,NULL,NULL,0.9970000000,481),(1924,NULL,NULL,1.0151000000,481),(1925,NULL,NULL,1.0089000000,482),(1926,NULL,NULL,0.9957000000,482),(1927,NULL,NULL,1.0018000000,482),(1928,NULL,NULL,1.0058000000,482),(1929,NULL,NULL,1.0031000000,483),(1930,NULL,NULL,1.0062000000,483),(1931,NULL,NULL,1.0034000000,483),(1932,NULL,NULL,0.9981000000,483),(1933,NULL,NULL,1.0008000000,484),(1934,NULL,NULL,1.0002000000,484),(1935,NULL,NULL,0.9985000000,484),(1936,NULL,NULL,0.9876000000,484),(1937,NULL,NULL,1.0031000000,485),(1938,NULL,NULL,1.0098000000,485),(1939,NULL,NULL,0.9958000000,485),(1940,NULL,NULL,1.0009000000,485),(1941,NULL,NULL,1.0011000000,486),(1942,NULL,NULL,0.9989000000,486),(1943,NULL,NULL,1.0014000000,486),(1944,NULL,NULL,0.9974000000,486),(1945,NULL,NULL,0.9977000000,487),(1946,NULL,NULL,0.9914000000,487),(1947,NULL,NULL,0.9898000000,487),(1948,NULL,NULL,1.0114000000,487),(1949,NULL,NULL,1.0011000000,488),(1950,NULL,NULL,0.9983000000,488),(1951,NULL,NULL,1.0022000000,488),(1952,NULL,NULL,1.0006000000,488),(1953,NULL,NULL,0.9986000000,489),(1954,NULL,NULL,0.9987000000,489),(1955,NULL,NULL,0.9938000000,489),(1956,NULL,NULL,0.9996000000,489),(1957,NULL,NULL,0.9941000000,490),(1958,NULL,NULL,0.9917000000,490),(1959,NULL,NULL,0.9984000000,490),(1960,NULL,NULL,0.9934000000,490),(1961,NULL,NULL,0.9925000000,491),(1962,NULL,NULL,0.9940000000,491),(1963,NULL,NULL,1.0045000000,491),(1964,NULL,NULL,0.9904000000,491),(1965,NULL,NULL,0.9840000000,492),(1966,NULL,NULL,0.9868000000,492),(1967,NULL,NULL,0.9855000000,492),(1968,NULL,NULL,0.9686000000,492),(1969,NULL,NULL,0.9501000000,493),(1970,NULL,NULL,0.9826000000,493),(1971,NULL,NULL,0.9832000000,493),(1972,NULL,NULL,0.9820000000,493),(1973,NULL,NULL,0.9829000000,494),(1974,NULL,NULL,0.9913000000,494),(1975,NULL,NULL,0.9798000000,494),(1976,NULL,NULL,0.9708000000,494),(1977,NULL,NULL,1.0519000000,495),(1978,NULL,NULL,0.9921000000,495),(1979,NULL,NULL,0.9862000000,495),(1980,NULL,NULL,0.9977000000,495),(1981,NULL,NULL,1.0038000000,496),(1982,NULL,NULL,0.9997000000,496),(1983,NULL,NULL,0.9926000000,496),(1984,NULL,NULL,1.0002000000,496),(1985,NULL,NULL,0.9975000000,497),(1986,NULL,NULL,0.9995000000,497),(1987,NULL,NULL,1.0034000000,497),(1988,NULL,NULL,0.9956000000,497),(1989,NULL,NULL,0.9994000000,498),(1990,NULL,NULL,0.9994000000,498),(1991,NULL,NULL,0.9934000000,498),(1992,NULL,NULL,1.0079000000,498),(1993,NULL,NULL,1.0082000000,499),(1994,NULL,NULL,1.0154000000,499),(1995,NULL,NULL,1.0147000000,499),(1996,NULL,NULL,1.0013000000,499),(1997,NULL,NULL,1.0000000000,500),(1998,NULL,NULL,0.9955000000,500),(1999,NULL,NULL,0.9941000000,500),(2000,NULL,NULL,0.9911000000,500),(2001,NULL,NULL,1.0186000000,501),(2002,NULL,NULL,1.0086000000,501),(2003,NULL,NULL,1.0036000000,501),(2004,NULL,NULL,1.0130000000,501),(2005,NULL,NULL,1.0404000000,502),(2006,NULL,NULL,1.0033000000,502),(2007,NULL,NULL,0.9995000000,502),(2008,NULL,NULL,1.0094000000,502),(2009,NULL,NULL,1.0193000000,503),(2010,NULL,NULL,1.0075000000,503),(2011,NULL,NULL,0.9998000000,503),(2012,NULL,NULL,1.0095000000,503),(2013,NULL,NULL,1.0196000000,504),(2014,NULL,NULL,1.0192000000,504),(2015,NULL,NULL,1.0101000000,504),(2016,NULL,NULL,1.0053000000,504),(2017,NULL,NULL,1.0097000000,505),(2018,NULL,NULL,1.0136000000,505),(2019,NULL,NULL,0.9997000000,505),(2020,NULL,NULL,0.9997000000,505),(2021,NULL,NULL,1.0069000000,506),(2022,NULL,NULL,1.0002000000,506),(2023,NULL,NULL,0.9995000000,506),(2024,NULL,NULL,1.0028000000,506),(2025,NULL,NULL,1.0183000000,507),(2026,NULL,NULL,1.0028000000,507),(2027,NULL,NULL,1.0060000000,507),(2028,NULL,NULL,1.0032000000,507),(2029,NULL,NULL,0.9992000000,508),(2030,NULL,NULL,1.0021000000,508),(2031,NULL,NULL,1.0006000000,508),(2032,NULL,NULL,0.9954000000,508),(2033,NULL,NULL,1.0044000000,509),(2034,NULL,NULL,1.0046000000,509),(2035,NULL,NULL,1.0024000000,509),(2036,NULL,NULL,0.9945000000,509),(2037,NULL,NULL,1.0066000000,510),(2038,NULL,NULL,1.0002000000,510),(2039,NULL,NULL,0.9955000000,510),(2040,NULL,NULL,0.9952000000,510),(2041,NULL,NULL,1.0081000000,511),(2042,NULL,NULL,0.9910000000,511),(2043,NULL,NULL,0.9847000000,511),(2044,NULL,NULL,1.0032000000,511),(2045,NULL,NULL,1.0068000000,512),(2046,NULL,NULL,0.9968000000,512),(2047,NULL,NULL,1.0050000000,512),(2048,NULL,NULL,1.0039000000,512),(2049,NULL,NULL,0.9932000000,513),(2050,NULL,NULL,0.9929000000,513),(2051,NULL,NULL,0.9994000000,513),(2052,NULL,NULL,0.9954000000,513),(2053,NULL,NULL,0.9967000000,514),(2054,NULL,NULL,0.9918000000,514),(2055,NULL,NULL,0.9916000000,514),(2056,NULL,NULL,0.9964000000,514),(2057,NULL,NULL,1.0070000000,515),(2058,NULL,NULL,0.9937000000,515),(2059,NULL,NULL,0.9923000000,515),(2060,NULL,NULL,0.9927000000,515),(2061,NULL,NULL,0.9868000000,516),(2062,NULL,NULL,0.9771000000,516),(2063,NULL,NULL,0.9684000000,516),(2064,NULL,NULL,0.9806000000,516),(2065,NULL,NULL,0.9586000000,517),(2066,NULL,NULL,0.9780000000,517),(2067,NULL,NULL,0.9788000000,517),(2068,NULL,NULL,0.9822000000,517),(2069,NULL,NULL,1.0000000000,518),(2070,NULL,NULL,0.9931000000,518),(2071,NULL,NULL,0.9892000000,518),(2072,NULL,NULL,0.9921000000,518),(2073,NULL,NULL,1.0053000000,519),(2074,NULL,NULL,0.9986000000,519),(2075,NULL,NULL,0.9909000000,519),(2076,NULL,NULL,1.0006000000,519),(2077,NULL,NULL,1.0046000000,520),(2078,NULL,NULL,0.9950000000,520),(2079,NULL,NULL,0.9998000000,520),(2080,NULL,NULL,1.0028000000,520),(2081,NULL,NULL,1.0003000000,521),(2082,NULL,NULL,0.9905000000,521),(2083,NULL,NULL,0.9870000000,521),(2084,NULL,NULL,1.0127000000,521),(2085,NULL,NULL,1.0176000000,522),(2086,NULL,NULL,1.0160000000,522),(2087,NULL,NULL,1.0026000000,522),(2088,NULL,NULL,1.0023000000,522),(2089,NULL,NULL,1.0083000000,523),(2090,NULL,NULL,1.0107000000,523),(2091,NULL,NULL,1.0237000000,523),(2092,NULL,NULL,1.0222000000,523),(2093,NULL,NULL,1.0581000000,524),(2094,NULL,NULL,1.0310000000,524),(2095,NULL,NULL,1.0219000000,524),(2096,NULL,NULL,1.0225000000,524),(2097,NULL,NULL,1.0355000000,525),(2098,NULL,NULL,1.0170000000,525),(2099,NULL,NULL,1.0260000000,525),(2100,NULL,NULL,1.0296000000,525),(2101,NULL,NULL,1.0227000000,526),(2102,NULL,NULL,1.0154000000,526),(2103,NULL,NULL,1.0075000000,526),(2104,NULL,NULL,1.0183000000,526),(2105,NULL,NULL,1.0166000000,527),(2106,NULL,NULL,1.0057000000,527),(2107,NULL,NULL,1.0142000000,527),(2108,NULL,NULL,1.0044000000,527),(2109,NULL,NULL,1.0035000000,528),(2110,NULL,NULL,1.0122000000,528),(2111,NULL,NULL,0.9988000000,528),(2112,NULL,NULL,0.9972000000,528),(2113,NULL,NULL,1.0029000000,529),(2114,NULL,NULL,0.9967000000,529),(2115,NULL,NULL,1.0004000000,529),(2116,NULL,NULL,1.0053000000,529),(2117,NULL,NULL,1.0037000000,530),(2118,NULL,NULL,1.0081000000,530),(2119,NULL,NULL,1.0011000000,530),(2120,NULL,NULL,0.9985000000,530),(2121,NULL,NULL,0.9981000000,531),(2122,NULL,NULL,0.9985000000,531),(2123,NULL,NULL,0.9963000000,531),(2124,NULL,NULL,0.9894000000,531),(2125,NULL,NULL,0.9916000000,532),(2126,NULL,NULL,0.9987000000,532),(2127,NULL,NULL,0.9983000000,532),(2128,NULL,NULL,0.9941000000,532),(2129,NULL,NULL,0.9899000000,533),(2130,NULL,NULL,0.9917000000,533),(2131,NULL,NULL,0.9958000000,533),(2132,NULL,NULL,0.9936000000,533),(2133,NULL,NULL,0.9894000000,534),(2134,NULL,NULL,0.9919000000,534),(2135,NULL,NULL,0.9914000000,534),(2136,NULL,NULL,0.9885000000,534),(2137,NULL,NULL,0.9895000000,535),(2138,NULL,NULL,0.9921000000,535),(2139,NULL,NULL,0.9946000000,535),(2140,NULL,NULL,0.9903000000,535),(2141,NULL,NULL,0.9845000000,536),(2142,NULL,NULL,0.9948000000,536),(2143,NULL,NULL,0.9943000000,536),(2144,NULL,NULL,0.9919000000,536),(2145,NULL,NULL,0.9852000000,537),(2146,NULL,NULL,0.9897000000,537),(2147,NULL,NULL,0.9931000000,537),(2148,NULL,NULL,0.9834000000,537),(2149,NULL,NULL,0.9816000000,538),(2150,NULL,NULL,0.9916000000,538),(2151,NULL,NULL,0.9960000000,538),(2152,NULL,NULL,0.9889000000,538),(2153,NULL,NULL,0.9916000000,539),(2154,NULL,NULL,0.9899000000,539),(2155,NULL,NULL,0.9840000000,539),(2156,NULL,NULL,0.9727000000,539),(2157,NULL,NULL,0.9930000000,540),(2158,NULL,NULL,0.9892000000,540),(2159,NULL,NULL,0.9837000000,540),(2160,NULL,NULL,0.9974000000,540),(2161,NULL,NULL,0.9836000000,541),(2162,NULL,NULL,0.9893000000,541),(2163,NULL,NULL,0.9923000000,541),(2164,NULL,NULL,0.9828000000,541),(2165,NULL,NULL,0.9794000000,542),(2166,NULL,NULL,0.9940000000,542),(2167,NULL,NULL,0.9894000000,542),(2168,NULL,NULL,0.9896000000,542),(2169,NULL,NULL,1.0094000000,543),(2170,NULL,NULL,0.9963000000,543),(2171,NULL,NULL,0.9940000000,543),(2172,NULL,NULL,0.9943000000,543),(2173,NULL,NULL,1.0010000000,544),(2174,NULL,NULL,0.9913000000,544),(2175,NULL,NULL,0.9981000000,544),(2176,NULL,NULL,0.9998000000,544),(2177,NULL,NULL,0.9983000000,545),(2178,NULL,NULL,0.9982000000,545),(2179,NULL,NULL,0.9894000000,545),(2180,NULL,NULL,1.0007000000,545),(2181,NULL,NULL,1.0178000000,546),(2182,NULL,NULL,1.0180000000,546),(2183,NULL,NULL,1.0098000000,546),(2184,NULL,NULL,1.0083000000,546),(2185,NULL,NULL,1.0147000000,547),(2186,NULL,NULL,1.0232000000,547),(2187,NULL,NULL,1.0164000000,547),(2188,NULL,NULL,1.0131000000,547),(2189,NULL,NULL,1.0410000000,548),(2190,NULL,NULL,1.0350000000,548),(2191,NULL,NULL,1.0164000000,548),(2192,NULL,NULL,1.0333000000,548),(2193,NULL,NULL,1.0335000000,549),(2194,NULL,NULL,1.0177000000,549),(2195,NULL,NULL,1.0248000000,549),(2196,NULL,NULL,1.0154000000,549),(2197,NULL,NULL,1.0253000000,550),(2198,NULL,NULL,1.0152000000,550),(2199,NULL,NULL,0.9968000000,550),(2200,NULL,NULL,1.0136000000,550),(2201,NULL,NULL,1.0177000000,551),(2202,NULL,NULL,1.0107000000,551),(2203,NULL,NULL,0.9993000000,551),(2204,NULL,NULL,1.0103000000,551),(2205,NULL,NULL,1.0041000000,552),(2206,NULL,NULL,1.0070000000,552),(2207,NULL,NULL,1.0050000000,552),(2208,NULL,NULL,1.0022000000,552),(2209,NULL,NULL,0.9916000000,553),(2210,NULL,NULL,1.0048000000,553),(2211,NULL,NULL,0.9961000000,553),(2212,NULL,NULL,1.0012000000,553),(2213,NULL,NULL,1.0179000000,554),(2214,NULL,NULL,0.9999000000,554),(2215,NULL,NULL,0.9993000000,554),(2216,NULL,NULL,0.9913000000,554),(2217,NULL,NULL,0.9966000000,555),(2218,NULL,NULL,1.0029000000,555),(2219,NULL,NULL,1.0005000000,555),(2220,NULL,NULL,0.9852000000,555),(2221,NULL,NULL,1.0029000000,556),(2222,NULL,NULL,0.9983000000,556),(2223,NULL,NULL,0.9905000000,556),(2224,NULL,NULL,0.9996000000,556),(2225,NULL,NULL,0.9926000000,557),(2226,NULL,NULL,0.9919000000,557),(2227,NULL,NULL,0.9849000000,557),(2228,NULL,NULL,0.9912000000,557),(2229,NULL,NULL,0.9914000000,558),(2230,NULL,NULL,0.9944000000,558),(2231,NULL,NULL,0.9735000000,558),(2232,NULL,NULL,0.9996000000,558),(2233,NULL,NULL,0.9960000000,559),(2234,NULL,NULL,0.9888000000,559),(2235,NULL,NULL,0.9852000000,559),(2236,NULL,NULL,0.9923000000,559),(2237,NULL,NULL,0.9838000000,560),(2238,NULL,NULL,0.9900000000,560),(2239,NULL,NULL,0.9967000000,560),(2240,NULL,NULL,0.9971000000,560),(2241,NULL,NULL,0.9807000000,561),(2242,NULL,NULL,0.9914000000,561),(2243,NULL,NULL,0.9854000000,561),(2244,NULL,NULL,1.0003000000,561),(2245,NULL,NULL,0.9788000000,562),(2246,NULL,NULL,0.9930000000,562),(2247,NULL,NULL,0.9944000000,562),(2248,NULL,NULL,0.9932000000,562),(2249,NULL,NULL,0.9893000000,563),(2250,NULL,NULL,0.9852000000,563),(2251,NULL,NULL,0.9847000000,563),(2252,NULL,NULL,0.9763000000,563),(2253,NULL,NULL,0.9889000000,564),(2254,NULL,NULL,0.9998000000,564),(2255,NULL,NULL,0.9852000000,564),(2256,NULL,NULL,0.9870000000,564),(2257,NULL,NULL,1.0000000000,565),(2258,NULL,NULL,0.9852000000,565),(2259,NULL,NULL,0.9916000000,565),(2260,NULL,NULL,0.9977000000,565),(2261,NULL,NULL,0.9940000000,566),(2262,NULL,NULL,1.0026000000,566),(2263,NULL,NULL,0.9964000000,566),(2264,NULL,NULL,0.9992000000,566),(2265,NULL,NULL,0.9963000000,567),(2266,NULL,NULL,0.9989000000,567),(2267,NULL,NULL,0.9925000000,567),(2268,NULL,NULL,1.0032000000,567),(2269,NULL,NULL,0.9997000000,568),(2270,NULL,NULL,0.9918000000,568),(2271,NULL,NULL,0.9922000000,568),(2272,NULL,NULL,1.0091000000,568),(2273,NULL,NULL,1.0228000000,569),(2274,NULL,NULL,1.0038000000,569),(2275,NULL,NULL,1.0042000000,569),(2276,NULL,NULL,1.0135000000,569),(2277,NULL,NULL,1.0115000000,570),(2278,NULL,NULL,1.0106000000,570),(2279,NULL,NULL,1.0230000000,570),(2280,NULL,NULL,1.0223000000,570),(2281,NULL,NULL,1.0539000000,571),(2282,NULL,NULL,1.0354000000,571),(2283,NULL,NULL,1.0189000000,571),(2284,NULL,NULL,1.0271000000,571),(2285,NULL,NULL,1.0325000000,572),(2286,NULL,NULL,1.0212000000,572),(2287,NULL,NULL,1.0182000000,572),(2288,NULL,NULL,1.0191000000,572),(2289,NULL,NULL,1.0234000000,573),(2290,NULL,NULL,1.0175000000,573),(2291,NULL,NULL,1.0105000000,573),(2292,NULL,NULL,1.0123000000,573),(2293,NULL,NULL,1.0237000000,574),(2294,NULL,NULL,1.0074000000,574),(2295,NULL,NULL,1.0058000000,574),(2296,NULL,NULL,1.0103000000,574),(2297,NULL,NULL,1.0106000000,575),(2298,NULL,NULL,1.0102000000,575),(2299,NULL,NULL,0.9992000000,575),(2300,NULL,NULL,1.0032000000,575),(2301,NULL,NULL,0.9964000000,576),(2302,NULL,NULL,1.0023000000,576),(2303,NULL,NULL,1.0109000000,576),(2304,NULL,NULL,1.0026000000,576),(2305,NULL,NULL,1.0060000000,577),(2306,NULL,NULL,1.0037000000,577),(2307,NULL,NULL,1.0034000000,577),(2308,NULL,NULL,0.9980000000,577),(2309,NULL,NULL,0.9978000000,578),(2310,NULL,NULL,1.0009000000,578),(2311,NULL,NULL,0.9945000000,578),(2312,NULL,NULL,0.9865000000,578),(2313,NULL,NULL,1.0034000000,579),(2314,NULL,NULL,1.0045000000,579),(2315,NULL,NULL,0.9944000000,579),(2316,NULL,NULL,0.9993000000,579),(2317,NULL,NULL,0.9982000000,580),(2318,NULL,NULL,0.9975000000,580),(2319,NULL,NULL,0.9858000000,580),(2320,NULL,NULL,0.9935000000,580),(2321,NULL,NULL,0.9910000000,581),(2322,NULL,NULL,0.9838000000,581),(2323,NULL,NULL,0.9867000000,581),(2324,NULL,NULL,0.9947000000,581),(2325,NULL,NULL,0.9965000000,582),(2326,NULL,NULL,0.9916000000,582),(2327,NULL,NULL,0.9947000000,582),(2328,NULL,NULL,0.9837000000,582),(2329,NULL,NULL,0.9833000000,583),(2330,NULL,NULL,0.9982000000,583),(2331,NULL,NULL,0.9945000000,583),(2332,NULL,NULL,0.9904000000,583),(2333,NULL,NULL,0.9823000000,584),(2334,NULL,NULL,0.9935000000,584),(2335,NULL,NULL,0.9944000000,584),(2336,NULL,NULL,0.9825000000,584),(2337,NULL,NULL,0.9865000000,585),(2338,NULL,NULL,0.9989000000,585),(2339,NULL,NULL,0.9884000000,585),(2340,NULL,NULL,0.9891000000,585),(2341,NULL,NULL,0.9855000000,586),(2342,NULL,NULL,0.9895000000,586),(2343,NULL,NULL,0.9888000000,586),(2344,NULL,NULL,0.9789000000,586),(2345,NULL,NULL,0.9924000000,587),(2346,NULL,NULL,0.9879000000,587),(2347,NULL,NULL,0.9822000000,587),(2348,NULL,NULL,0.9918000000,587),(2349,NULL,NULL,0.9924000000,588),(2350,NULL,NULL,0.9943000000,588),(2351,NULL,NULL,0.9934000000,588),(2352,NULL,NULL,0.9743000000,588),(2353,NULL,NULL,0.9551000000,589),(2354,NULL,NULL,0.9893000000,589),(2355,NULL,NULL,0.9903000000,589),(2356,NULL,NULL,0.9899000000,589),(2357,NULL,NULL,1.0033000000,590),(2358,NULL,NULL,0.9966000000,590),(2359,NULL,NULL,0.9998000000,590),(2360,NULL,NULL,0.9981000000,590),(2361,NULL,NULL,0.9907000000,591),(2362,NULL,NULL,0.9945000000,591),(2363,NULL,NULL,1.0055000000,591),(2364,NULL,NULL,0.9998000000,591),(2365,NULL,NULL,1.0030000000,592),(2366,NULL,NULL,0.9952000000,592),(2367,NULL,NULL,0.9893000000,592),(2368,NULL,NULL,1.0010000000,592),(2369,NULL,NULL,1.0235000000,593),(2370,NULL,NULL,1.0139000000,593),(2371,NULL,NULL,1.0057000000,593),(2372,NULL,NULL,1.0115000000,593),(2373,NULL,NULL,1.0142000000,594),(2374,NULL,NULL,1.0235000000,594),(2375,NULL,NULL,1.0219000000,594),(2376,NULL,NULL,1.0156000000,594),(2377,NULL,NULL,1.0522000000,595),(2378,NULL,NULL,1.0345000000,595),(2379,NULL,NULL,1.0301000000,595),(2380,NULL,NULL,1.0171000000,595),(2381,NULL,NULL,1.0345000000,596),(2382,NULL,NULL,1.0277000000,596),(2383,NULL,NULL,1.0281000000,596),(2384,NULL,NULL,1.0254000000,596),(2385,NULL,NULL,1.0346000000,597),(2386,NULL,NULL,1.0169000000,597),(2387,NULL,NULL,1.0095000000,597),(2388,NULL,NULL,1.0118000000,597),(2389,NULL,NULL,1.0200000000,598),(2390,NULL,NULL,1.0162000000,598),(2391,NULL,NULL,1.0151000000,598),(2392,NULL,NULL,1.0018000000,598),(2393,NULL,NULL,1.0033000000,599),(2394,NULL,NULL,1.0049000000,599),(2395,NULL,NULL,1.0026000000,599),(2396,NULL,NULL,1.0045000000,599),(2397,NULL,NULL,0.9978000000,600),(2398,NULL,NULL,1.0031000000,600),(2399,NULL,NULL,0.9994000000,600),(2400,NULL,NULL,1.0022000000,600),(2401,NULL,NULL,1.0077000000,601),(2402,NULL,NULL,1.0024000000,601),(2403,NULL,NULL,1.0060000000,601),(2404,NULL,NULL,1.0040000000,601),(2405,NULL,NULL,1.0035000000,602),(2406,NULL,NULL,0.9904000000,602),(2407,NULL,NULL,0.9958000000,602),(2408,NULL,NULL,0.9869000000,602),(2409,NULL,NULL,1.0012000000,603),(2410,NULL,NULL,0.9976000000,603),(2411,NULL,NULL,0.9950000000,603),(2412,NULL,NULL,0.9964000000,603),(2413,NULL,NULL,0.9860000000,604),(2414,NULL,NULL,0.9905000000,604),(2415,NULL,NULL,0.9976000000,604),(2416,NULL,NULL,0.9917000000,604),(2417,NULL,NULL,0.9853000000,605),(2418,NULL,NULL,0.9832000000,605),(2419,NULL,NULL,0.9933000000,605),(2420,NULL,NULL,0.9960000000,605),(2421,NULL,NULL,0.9921000000,606),(2422,NULL,NULL,0.9942000000,606),(2423,NULL,NULL,0.9899000000,606),(2424,NULL,NULL,0.9834000000,606),(2425,NULL,NULL,0.9885000000,607),(2426,NULL,NULL,0.9952000000,607),(2427,NULL,NULL,0.9911000000,607),(2428,NULL,NULL,0.9916000000,607),(2429,NULL,NULL,0.9854000000,608),(2430,NULL,NULL,0.9868000000,608),(2431,NULL,NULL,0.9944000000,608),(2432,NULL,NULL,0.9920000000,608),(2433,NULL,NULL,0.9867000000,609),(2434,NULL,NULL,0.9863000000,609),(2435,NULL,NULL,0.9916000000,609),(2436,NULL,NULL,0.9923000000,609),(2437,NULL,NULL,0.9817000000,610),(2438,NULL,NULL,0.9886000000,610),(2439,NULL,NULL,0.9864000000,610),(2440,NULL,NULL,0.9783000000,610),(2441,NULL,NULL,0.9776000000,611),(2442,NULL,NULL,0.9855000000,611),(2443,NULL,NULL,0.9834000000,611),(2444,NULL,NULL,1.0019000000,611),(2445,NULL,NULL,1.0000000000,612),(2446,NULL,NULL,0.9845000000,612),(2447,NULL,NULL,0.9914000000,612),(2448,NULL,NULL,0.9919000000,612),(2449,NULL,NULL,1.0100000000,613),(2450,NULL,NULL,0.9933000000,613),(2451,NULL,NULL,0.9964000000,613),(2452,NULL,NULL,1.0023000000,613),(2453,NULL,NULL,0.9952000000,614),(2454,NULL,NULL,0.9971000000,614),(2455,NULL,NULL,0.9961000000,614),(2456,NULL,NULL,1.0074000000,614),(2457,NULL,NULL,0.9920000000,615),(2458,NULL,NULL,0.9957000000,615),(2459,NULL,NULL,0.9870000000,615),(2460,NULL,NULL,0.9991000000,615),(2461,NULL,NULL,1.0254000000,616),(2462,NULL,NULL,1.0160000000,616),(2463,NULL,NULL,1.0028000000,616),(2464,NULL,NULL,1.0023000000,616),(2465,NULL,NULL,1.0265000000,617),(2466,NULL,NULL,1.0078000000,617),(2467,NULL,NULL,1.0254000000,617),(2468,NULL,NULL,1.0148000000,617),(2469,NULL,NULL,1.0527000000,618),(2470,NULL,NULL,1.0320000000,618),(2471,NULL,NULL,1.0200000000,618),(2472,NULL,NULL,1.0250000000,618),(2473,NULL,NULL,1.0336000000,619),(2474,NULL,NULL,1.0236000000,619),(2475,NULL,NULL,1.0195000000,619),(2476,NULL,NULL,1.0202000000,619),(2477,NULL,NULL,1.0276000000,620),(2478,NULL,NULL,1.0178000000,620),(2479,NULL,NULL,1.0043000000,620),(2480,NULL,NULL,1.0145000000,620),(2481,NULL,NULL,1.0255000000,621),(2482,NULL,NULL,1.0101000000,621),(2483,NULL,NULL,1.0077000000,621),(2484,NULL,NULL,1.0074000000,621),(2485,NULL,NULL,1.0150000000,622),(2486,NULL,NULL,1.0031000000,622),(2487,NULL,NULL,0.9918000000,622),(2488,NULL,NULL,0.9943000000,622),(2489,NULL,NULL,1.0033000000,623),(2490,NULL,NULL,0.9960000000,623),(2491,NULL,NULL,1.0105000000,623),(2492,NULL,NULL,1.0047000000,623),(2493,NULL,NULL,1.0090000000,624),(2494,NULL,NULL,1.0015000000,624),(2495,NULL,NULL,1.0026000000,624),(2496,NULL,NULL,0.9993000000,624),(2497,NULL,NULL,1.0046000000,625),(2498,NULL,NULL,0.9994000000,625),(2499,NULL,NULL,0.9910000000,625),(2500,NULL,NULL,0.9875000000,625),(2501,NULL,NULL,1.0012000000,626),(2502,NULL,NULL,1.0134000000,626),(2503,NULL,NULL,0.9951000000,626),(2504,NULL,NULL,0.9935000000,626),(2505,NULL,NULL,0.9893000000,627),(2506,NULL,NULL,1.0009000000,627),(2507,NULL,NULL,0.9927000000,627),(2508,NULL,NULL,0.9934000000,627),(2509,NULL,NULL,0.9848000000,628),(2510,NULL,NULL,0.9849000000,628),(2511,NULL,NULL,0.9833000000,628),(2512,NULL,NULL,0.9991000000,628),(2513,NULL,NULL,0.9991000000,629),(2514,NULL,NULL,0.9893000000,629),(2515,NULL,NULL,0.9945000000,629),(2516,NULL,NULL,0.9962000000,629),(2517,NULL,NULL,0.9765000000,630),(2518,NULL,NULL,0.9922000000,630),(2519,NULL,NULL,0.9963000000,630),(2520,NULL,NULL,0.9882000000,630),(2521,NULL,NULL,0.9829000000,631),(2522,NULL,NULL,0.9972000000,631),(2523,NULL,NULL,0.9921000000,631),(2524,NULL,NULL,0.9900000000,631),(2525,NULL,NULL,0.9876000000,632),(2526,NULL,NULL,0.9904000000,632),(2527,NULL,NULL,0.9861000000,632),(2528,NULL,NULL,1.0022000000,632),(2529,NULL,NULL,0.9750000000,633),(2530,NULL,NULL,0.9865000000,633),(2531,NULL,NULL,0.9874000000,633),(2532,NULL,NULL,0.9756000000,633),(2533,NULL,NULL,0.9770000000,634),(2534,NULL,NULL,0.9965000000,634),(2535,NULL,NULL,0.9873000000,634),(2536,NULL,NULL,0.9940000000,634),(2537,NULL,NULL,0.9866000000,635),(2538,NULL,NULL,0.9921000000,635),(2539,NULL,NULL,0.9928000000,635),(2540,NULL,NULL,0.9845000000,635),(2541,NULL,NULL,0.9868000000,636),(2542,NULL,NULL,0.9875000000,636),(2543,NULL,NULL,0.9915000000,636),(2544,NULL,NULL,0.9944000000,636),(2545,NULL,NULL,1.0007000000,637),(2546,NULL,NULL,0.9922000000,637),(2547,NULL,NULL,1.0049000000,637),(2548,NULL,NULL,0.9969000000,637),(2549,NULL,NULL,0.9824000000,638),(2550,NULL,NULL,0.9978000000,638),(2551,NULL,NULL,1.0141000000,638),(2552,NULL,NULL,0.9993000000,638),(2553,NULL,NULL,1.0044000000,639),(2554,NULL,NULL,0.9941000000,639),(2555,NULL,NULL,0.9815000000,639),(2556,NULL,NULL,1.0013000000,639),(2557,NULL,NULL,1.0304000000,640),(2558,NULL,NULL,1.0170000000,640),(2559,NULL,NULL,1.0057000000,640),(2560,NULL,NULL,1.0019000000,640),(2561,NULL,NULL,1.0199000000,641),(2562,NULL,NULL,1.0130000000,641),(2563,NULL,NULL,1.0101000000,641),(2564,NULL,NULL,1.0175000000,641),(2565,NULL,NULL,1.0455000000,642),(2566,NULL,NULL,1.0347000000,642),(2567,NULL,NULL,1.0265000000,642),(2568,NULL,NULL,1.0276000000,642),(2569,NULL,NULL,1.0359000000,643),(2570,NULL,NULL,1.0306000000,643),(2571,NULL,NULL,1.0260000000,643),(2572,NULL,NULL,1.0207000000,643),(2573,NULL,NULL,1.0228000000,644),(2574,NULL,NULL,1.0150000000,644),(2575,NULL,NULL,1.0084000000,644),(2576,NULL,NULL,1.0144000000,644),(2577,NULL,NULL,1.0154000000,645),(2578,NULL,NULL,1.0153000000,645),(2579,NULL,NULL,1.0145000000,645),(2580,NULL,NULL,1.0043000000,645),(2581,NULL,NULL,1.0102000000,646),(2582,NULL,NULL,1.0048000000,646),(2583,NULL,NULL,1.0026000000,646),(2584,NULL,NULL,1.0002000000,646),(2585,NULL,NULL,0.9993000000,647),(2586,NULL,NULL,0.9984000000,647),(2587,NULL,NULL,1.0089000000,647),(2588,NULL,NULL,1.0061000000,647),(2589,NULL,NULL,1.0076000000,648),(2590,NULL,NULL,1.0070000000,648),(2591,NULL,NULL,0.9974000000,648),(2592,NULL,NULL,0.9998000000,648),(2593,NULL,NULL,1.0034000000,649),(2594,NULL,NULL,0.9997000000,649),(2595,NULL,NULL,0.9972000000,649),(2596,NULL,NULL,0.9928000000,649),(2597,NULL,NULL,0.9957000000,650),(2598,NULL,NULL,0.9972000000,650),(2599,NULL,NULL,0.9914000000,650),(2600,NULL,NULL,0.9934000000,650),(2601,NULL,NULL,0.9958000000,651),(2602,NULL,NULL,0.9910000000,651),(2603,NULL,NULL,0.9956000000,651),(2604,NULL,NULL,0.9965000000,651),(2605,NULL,NULL,0.9785000000,652),(2606,NULL,NULL,0.9935000000,652),(2607,NULL,NULL,0.9892000000,652),(2608,NULL,NULL,0.9859000000,652),(2609,NULL,NULL,0.9930000000,653),(2610,NULL,NULL,1.0009000000,653),(2611,NULL,NULL,0.9913000000,653),(2612,NULL,NULL,0.9836000000,653),(2613,NULL,NULL,0.9847000000,654),(2614,NULL,NULL,0.9867000000,654),(2615,NULL,NULL,0.9917000000,654),(2616,NULL,NULL,0.9976000000,654),(2617,NULL,NULL,0.9834000000,655),(2618,NULL,NULL,0.9886000000,655),(2619,NULL,NULL,0.9925000000,655),(2620,NULL,NULL,0.9884000000,655),(2621,NULL,NULL,0.9823000000,656),(2622,NULL,NULL,0.9881000000,656),(2623,NULL,NULL,0.9916000000,656),(2624,NULL,NULL,0.9923000000,656),(2625,NULL,NULL,0.9923000000,657),(2626,NULL,NULL,0.9850000000,657),(2627,NULL,NULL,0.9907000000,657),(2628,NULL,NULL,0.9777000000,657),(2629,NULL,NULL,0.9752000000,658),(2630,NULL,NULL,1.0019000000,658),(2631,NULL,NULL,0.9958000000,658),(2632,NULL,NULL,0.9897000000,658);
/*!40000 ALTER TABLE `measurements` ENABLE KEYS */;
UNLOCK TABLES;

--
-- Table structure for table `predictions`
--

DROP TABLE IF EXISTS `predictions`;
/*!40101 SET @saved_cs_client     = @@character_set_client */;
/*!40101 SET character_set_client = utf8 */;
CREATE TABLE `predictions` (
  `id` int(11) NOT NULL AUTO_INCREMENT,
  `real_value` decimal(20,10) DEFAULT NULL,
  `forecasted` decimal(20,10) DEFAULT NULL,
  PRIMARY KEY (`id`)
) ENGINE=InnoDB AUTO_INCREMENT=677 DEFAULT CHARSET=utf8 COLLATE=utf8_unicode_ci COMMENT='		';
/*!40101 SET character_set_client = @saved_cs_client */;

--
-- Dumping data for table `predictions`
--

LOCK TABLES `predictions` WRITE;
/*!40000 ALTER TABLE `predictions` DISABLE KEYS */;
INSERT INTO `predictions` VALUES (1,79268.3208000000,79150.6493660000),(2,79601.0880690000,79935.6755980000),(3,79817.6373320000,79979.8336770000),(4,79423.2832460000,79515.7991520000),(5,79183.7722540000,79880.8680670000),(6,79849.8319350000,80171.9400820000),(7,79909.3481290000,80058.7415490000),(8,82647.8890550000,82731.9793810000),(9,84140.1126020000,83117.2244810000),(10,84287.6536550000,84627.6089640000),(11,84539.4358430000,84697.3383050000),(12,85190.3428710000,85276.9482900000),(13,87344.4211010000,85673.7133800000),(14,88817.5392310000,89175.7485820000),(15,90356.9424190000,90525.7178070000),(16,91470.9729630000,91563.7651020000),(17,95615.5290470000,91989.7447720000),(18,98276.8702580000,98673.2221480000),(19,101458.2664600000,101647.7041010000),(20,105859.6202000000,105967.3326780000),(21,114653.4102000000,106460.0129630000),(22,119869.3632300000,120352.7457510000),(23,123240.8511800000,123470.9438800000),(24,126472.5652300000,126601.3134100000),(25,130437.4985300000,127255.9853670000),(26,133722.3197200000,134307.2739860000),(27,136559.3571400000,136870.4399620000),(28,139084.1183800000,139267.6883430000),(29,142955.4295100000,140086.2629260000),(30,144565.0594100000,145285.0571820000),(31,144328.4249200000,144769.2191260000),(32,146398.6515300000,146750.4730340000),(33,149821.2762900000,147733.2744890000),(34,151659.8843700000,152570.2927370000),(35,152272.3379400000,152834.2127720000),(36,153755.8580000000,154218.3713530000),(37,154523.3794000000,155243.0021290000),(38,156234.6403400000,157247.0522000000),(39,156624.2664300000,157270.5329500000),(40,155738.7007800000,156267.4042980000),(41,155381.7659000000,157314.3635870000),(42,156287.6980100000,157319.5461930000),(43,156378.0042400000,157002.9489290000),(44,156216.6852100000,156789.0916340000),(45,158705.5453800000,157847.2381290000),(46,159593.8523700000,160669.8420340000),(47,159922.7265600000,160563.1273950000),(48,159845.4611500000,160455.0433660000),(49,159810.9722600000,161495.7421190000),(50,159336.3365100000,160427.4762950000),(51,159262.1528300000,159895.4828570000),(52,157254.7806300000,157821.6708680000),(53,157193.7659700000,158835.6044690000),(54,156918.4728100000,157990.5511250000),(55,157199.0611500000,157813.2431210000),(56,157313.0306700000,157864.9072040000),(57,155755.3720400000,158916.0516810000),(58,154787.5108000000,155841.8340740000),(59,154044.2254200000,154640.7616570000),(60,153138.7608600000,153663.5981810000),(61,149479.8530600000,154666.4336940000),(62,147562.8466000000,148537.9720060000),(63,145782.5559900000,146334.3606730000),(64,145359.4193900000,145808.6239570000),(65,143707.2593700000,146779.1429370000),(66,143151.7659600000,144073.4876650000),(67,142813.6415700000,143348.9650360000),(68,140243.3654700000,140670.5650220000),(69,138248.1257300000,141556.5473520000),(70,137133.0818200000,137980.1331290000),(71,136026.2604800000,136511.9140060000),(72,135136.3003100000,135522.7898270000),(73,132084.1733800000,136312.2026280000),(74,131127.8418100000,131888.3541160000),(75,130309.1828900000,130734.0668760000),(76,128040.5718800000,128392.5408880000),(77,125886.2698100000,129102.6619900000),(78,124351.1769400000,125047.1765160000),(79,122925.9363400000,123311.6444930000),(80,123034.3493800000,123320.6386960000),(81,120967.9141100000,123999.4995150000),(82,119209.7033700000,119843.6689530000),(83,118648.5468300000,118993.3961420000),(84,116898.0416000000,117148.2311500000),(85,115176.1665000000,117748.4467220000),(86,114469.0165800000,115051.0817070000),(87,113210.8006600000,113520.7265040000),(88,112353.1903900000,112552.5945860000),(89,111638.0064100000,113120.2859010000),(90,109978.8765600000,110502.6731870000),(91,107402.3529900000,107667.9165500000),(92,104963.8337500000,105148.3239200000),(93,102771.2385300000,108936.3968230000),(94,101442.8680800000,101889.6496930000),(95,100075.0974000000,100308.7761050000),(96,100141.9325500000,100287.1660840000),(97,100188.8645700000,100594.8938030000),(98,100259.7069400000,100503.6073950000),(99,100522.0370800000,100585.8076010000),(100,100007.5563300000,100018.3094840000),(101,99808.9435290000,100459.7259420000),(102,99100.8673090000,99341.8125990000),(103,99082.5450560000,99145.2571110000),(104,98429.9493190000,98440.3752950000),(105,98496.7916750000,98874.9143270000),(106,98551.6024570000,98791.1952360000),(107,97939.0164090000,98000.9889750000),(108,99004.9815330000,99015.4734760000),(109,101342.8618700000,99452.5369090000),(110,102598.3302600000,102847.7548180000),(111,102908.9700600000,102974.0852870000),(112,104912.7187100000,104923.8222130000),(113,106735.8735400000,105386.9537790000),(114,107715.8789600000,107977.7163090000),(115,109925.6940400000,109995.2316040000),(116,111528.0764800000,111539.8510620000),(117,116685.3291300000,112021.5162610000),(118,119943.8217900000,120229.7706090000),(119,122203.1212400000,122259.5145500000),(120,124713.0570700000,124759.8273120000),(121,129089.2678200000,125323.1965270000),(122,132506.2152900000,132854.4443770000),(123,135457.8527600000,135528.8457860000),(124,139025.7008300000,139142.5824840000),(125,142469.5472600000,139747.2072410000),(126,143173.3887100000,143572.0031660000),(127,144956.1962200000,145101.1614460000),(128,147596.1583700000,147768.5209440000),(129,151612.2775200000,148503.0480730000),(130,153550.5383400000,154067.8198600000),(131,154510.2838800000,154728.8945820000),(132,156368.3305200000,156621.3800700000),(133,157807.0959500000,157431.9935180000),(134,158133.7081400000,158749.4524800000),(135,157323.8822300000,157621.0606200000),(136,156977.3221500000,157319.5497710000),(137,156633.3336000000,158107.8231260000),(138,157199.7167200000,157815.4947280000),(139,156276.6031500000,156608.4932550000),(140,156689.4050600000,157086.8316050000),(141,159559.0628600000,157885.9983090000),(142,160829.4388600000,161490.4465060000),(143,159523.7170600000,159876.8239570000),(144,160174.3742600000,160613.6887900000),(145,159823.4372000000,161402.9334910000),(146,159647.0449300000,160296.2771230000),(147,159645.1887300000,159973.6664690000),(148,157883.1891100000,158299.6212250000),(149,158406.5048400000,159061.7631110000),(150,157941.5636500000,158582.3898800000),(151,158765.5846700000,159066.0385360000),(152,158781.3757800000,159200.2011720000),(153,157810.6949100000,160001.8233830000),(154,157503.4408200000,158155.0483260000),(155,156551.4384300000,156815.7308500000),(156,155798.6872800000,156214.2357480000),(157,153780.3069000000,156965.4311800000),(158,153184.2005400000,153801.8800980000),(159,150132.4698000000,150380.8151220000),(160,149622.2288000000,149980.2912630000),(161,148486.3899100000,150730.4794810000),(162,147127.8974700000,147701.0617110000),(163,145966.3579100000,146218.0088510000),(164,144835.3736600000,145175.4680910000),(165,142149.0845200000,145870.5264020000),(166,140999.3023900000,141532.7581400000),(167,140103.2635100000,140323.8849530000),(168,138639.2530200000,138945.7271210000),(169,136408.8635600000,139577.5577680000),(170,135834.6982700000,136328.9937740000),(171,133909.8017400000,134066.3704520000),(172,131871.1027400000,132148.6679370000),(173,130444.3672600000,132728.5509360000),(174,128841.9364100000,129280.2852690000),(175,127927.2921800000,128055.4018590000),(176,126856.0174000000,127099.8894360000),(177,124192.7264900000,127623.0969900000),(178,121936.0401600000,122325.4269530000),(179,119431.2582200000,119534.8920850000),(180,117175.4762400000,117374.3882370000),(181,116555.3762500000,117837.7171830000),(182,116663.1577700000,117020.2915640000),(183,116427.4090200000,116497.1777080000),(184,114963.5602300000,115123.9862200000),(185,113527.0112400000,115580.0904530000),(186,112680.9722000000,112995.5869720000),(187,110794.9603100000,110846.3953550000),(188,108843.4861900000,108976.7225030000),(189,106007.2241800000,112680.5359970000),(190,104234.0640600000,104487.4284890000),(191,103056.4719900000,103066.9970180000),(192,103389.3454400000,103480.0614000000),(193,102917.1360100000,103667.1735960000),(194,103088.6506300000,103250.1699340000),(195,102701.8956700000,102658.1579000000),(196,102687.9105700000,102597.2618070000),(197,101988.8579100000,102911.6978450000),(198,101763.6459300000,101901.6206240000),(199,101621.7818800000,101568.6429420000),(200,100929.3218600000,100791.9430750000),(201,100972.3228500000,101027.3963720000),(202,100507.9557900000,100605.5820830000),(203,100010.4729100000,99935.2628090000),(204,101192.8909200000,101065.0295450000),(205,102725.1790000000,101291.0804110000),(206,104290.2867400000,104391.6058350000),(207,105950.3821700000,105870.6255680000),(208,106960.1157300000,106824.9968070000),(209,108306.9093800000,107063.6928580000),(210,109267.3766000000,109373.4446850000),(211,111096.2208200000,111012.5733840000),(212,112539.7276600000,112397.4025640000),(213,118041.5997300000,112647.4408030000),(214,121424.3643500000,121528.1624760000),(215,125151.5275100000,125046.3691460000),(216,129059.9198900000,128931.8545410000),(217,134158.0841900000,129220.7750850000),(218,136447.0802400000,136603.7338250000),(219,139118.1542800000,139048.7985720000),(220,142611.0623200000,142500.1438840000),(221,145790.3109800000,142821.1451340000),(222,147429.7877400000,147621.8041090000),(223,149564.8494100000,149541.8050180000),(224,151942.1248000000,151865.7547390000),(225,155630.0516200000,152307.1021300000),(226,156740.0573300000,157028.2096440000),(227,158896.0800300000,158967.6389210000),(228,159590.2039300000,159609.1963840000),(229,160874.4416900000,160087.3317450000),(230,162542.4081300000,162888.7869350000),(231,161700.7009000000,161832.9575190000),(232,161219.6298900000,161316.2240650000),(233,162211.7809400000,161780.1372550000),(234,162117.8626100000,162491.2069170000),(235,162108.5584300000,162282.9197260000),(236,164003.1358200000,164148.6900120000),(237,165559.2034500000,164636.4424940000),(238,165639.1878300000,166035.4567060000),(239,165771.8789600000,165989.0870830000),(240,166349.6660900000,166508.0182220000),(241,166671.7304800000,167004.6976170000),(242,166365.4573400000,166787.5836820000),(243,165089.4497700000,165286.3126850000),(244,163878.4991700000,164022.8072550000),(245,163718.1933300000,164530.2941720000),(246,163200.9080500000,163605.9411830000),(247,163176.5061200000,163367.4587430000),(248,162940.2603400000,163115.1634800000),(249,161344.6492300000,163604.0779910000),(250,160292.4522100000,160684.6611920000),(251,158903.1644200000,159088.0972050000),(252,157611.7960300000,157787.6452300000),(253,155454.8694900000,158248.1110360000),(254,153891.2932400000,154256.4891670000),(255,152639.5348800000,152793.9539710000),(256,150592.6465800000,150738.7377310000),(257,149683.7207300000,151187.8405180000),(258,148448.4810200000,148786.8577840000),(259,147678.9052500000,147825.4087490000),(260,145822.0341700000,145957.5255850000),(261,143186.8119000000,146364.9973300000),(262,141046.7078200000,141347.5444310000),(263,140319.9581200000,140436.5920070000),(264,139612.5580400000,139721.2211540000),(265,137625.1484100000,140092.5885670000),(266,137594.7489800000,137860.7476540000),(267,136161.2881600000,136254.4713240000),(268,135830.5708100000,135904.7156940000),(269,133609.0623800000,136276.8608300000),(270,132645.0762800000,132879.7335010000),(271,131496.9225300000,131574.4793500000),(272,131200.5031200000,131244.3734870000),(273,130014.3706700000,131587.1339660000),(274,127503.4262900000,127695.1822290000),(275,125793.1204600000,125855.8583090000),(276,122887.0886100000,122917.6987170000),(277,120941.5487400000,123216.2522530000),(278,120252.3633800000,120429.9796770000),(279,118084.1300100000,118122.8958310000),(280,117300.3792700000,117324.6916970000),(281,115860.8679500000,117580.2522010000),(282,114762.9209700000,114917.0947730000),(283,113275.2455300000,113296.7876620000),(284,110910.9858100000,110929.7755730000),(285,109054.3673300000,104440.2373320000),(286,107909.4080100000,108020.6224650000),(287,107603.8927200000,107602.1910750000),(288,107964.6047100000,107944.8464620000),(289,107084.1584700000,108216.5071120000),(290,106865.9246000000,106989.5486920000),(291,107004.9763100000,106772.8512110000),(292,106469.9464500000,106416.5803550000),(293,106026.5953400000,106668.4969880000),(294,105349.7432600000,105469.0594310000),(295,105033.1036400000,104777.4358060000),(296,105873.2936300000,105778.5938250000),(297,105404.9018500000,106167.1528520000),(298,104222.2293700000,104315.5284280000),(299,103264.2421700000,103012.0432670000),(300,104556.8947100000,104472.4340110000),(301,106413.3966000000,104824.2429290000),(302,108006.3226900000,108096.6732480000),(303,108420.4973500000,108163.8228190000),(304,109680.9507800000,109583.1546870000),(305,111071.2996100000,109946.9466670000),(306,111744.7523500000,111822.4099530000),(307,114803.3270300000,114530.1051680000),(308,116775.9239200000,116692.1594270000),(309,120580.2737400000,117043.7450700000),(310,125020.9566000000,125079.1933770000),(311,128375.0267000000,128052.6885940000),(312,131748.6408800000,131687.6694340000),(313,136846.8419300000,132089.2382810000),(314,138857.2288900000,138959.9089990000),(315,144208.6309800000,143863.8020750000),(316,147395.7338900000,147361.1396140000),(317,150863.0792500000,147804.3264090000),(318,153384.8800400000,153513.4248370000),(319,155628.9191900000,155342.5576560000),(320,157548.5222200000,157562.3605910000),(321,160524.8358400000,158070.6392630000),(322,162943.0301800000,163186.2078900000),(323,165059.0093700000,164841.3312390000),(324,166006.6637000000,166100.2989680000),(325,167053.4724400000,166670.3152810000),(326,168817.5939100000,169140.6115160000),(327,169368.4013900000,169269.5725470000),(328,169636.1801400000,169800.6010120000),(329,169775.6965300000,170383.5068760000),(330,168477.6617700000,168911.7235330000),(331,169274.2099900000,169247.5919840000),(332,171133.5893700000,171329.1627700000),(333,172958.6380800000,171933.3659210000),(334,173943.5450300000,174431.8994350000),(335,174012.0401900000,174026.9851000000),(336,173436.9263000000,173649.8808600000),(337,173442.5101000000,174252.8194300000),(338,173914.7813900000,174428.4845490000),(339,171329.7776200000,171354.6855910000),(340,169098.2149500000,169306.9277620000),(341,169125.8568400000,169880.0922650000),(342,169722.4674500000,170204.4403420000),(343,168745.7612100000,168812.5104680000),(344,168053.0973400000,168292.2275610000),(345,167919.5371500000,168848.2474470000),(346,166692.1385400000,167173.9620070000),(347,164500.7884400000,164565.8344270000),(348,162572.5720300000,162790.1891980000),(349,160390.1953700000,163328.4036420000),(350,158351.1932300000,158808.4643670000),(351,155501.5659300000,155521.4741190000),(352,155229.1928900000,155397.8986980000),(353,154746.5804300000,155938.8920500000),(354,153204.1083300000,153648.2252790000),(355,151980.3885800000,151984.4547260000),(356,150800.4039600000,150950.8096500000),(357,146759.6335300000,151476.1523540000),(358,145067.0842800000,145462.5518650000),(359,143906.5014600000,143878.2572160000),(360,144233.9153200000,144346.7033310000),(361,142127.7859700000,144837.2332020000),(362,140478.0153000000,140824.8702110000),(363,138684.3335600000,138616.0130480000),(364,137810.8520100000,137912.8020370000),(365,137016.2567900000,138370.8432030000),(366,135361.7926100000,135668.4523780000),(367,134487.2559600000,134404.4983680000),(368,133363.1688600000,133443.2501880000),(369,131537.5694900000,133838.7588570000),(370,130211.0400300000,130477.0859590000),(371,127835.3003600000,127741.4264140000),(372,124288.7101800000,124366.6964480000),(373,123899.7782300000,124696.1223020000),(374,122376.5931400000,122600.1450080000),(375,121108.6916800000,120996.6450010000),(376,120772.8938700000,120835.4057970000),(377,119501.8217100000,121151.7267570000),(378,117592.3638700000,117781.6606490000),(379,115251.0153600000,115134.4308500000),(380,114054.1019500000,114097.3285320000),(381,110027.5225900000,105527.9330210000),(382,109088.4910600000,109244.4930750000),(383,107180.7430200000,107043.9274660000),(384,106772.8215600000,106767.1226790000),(385,107147.9821800000,107301.8645590000),(386,106557.7139900000,106744.6625690000),(387,106877.7603800000,106638.1448430000),(388,106152.0879400000,105813.5696370000),(389,105696.5795100000,106641.6102840000),(390,104924.7598000000,105085.3106110000),(391,104926.1322400000,104668.2119510000),(392,105500.4243500000,105136.5850420000),(393,105463.2944300000,106075.2778990000),(394,104490.5962100000,104629.0201740000),(395,103303.7438600000,103018.1248170000),(396,103098.5877700000,102742.2800640000),(397,105744.5867800000,103656.3638140000),(398,107513.2539600000,107640.9880180000),(399,107896.2500500000,107610.3810960000),(400,109003.6223000000,108619.6390310000),(401,110623.4784000000,109572.6106480000),(402,110509.3912700000,110622.2877620000),(403,112501.1420300000,112208.9458610000),(404,113465.4352600000,113085.7488520000),(405,121005.6420800000,114045.5559210000),(406,124944.5810800000,125047.6088150000),(407,127362.6837200000,127010.4294480000),(408,131129.4240900000,130694.0594940000),(409,136097.5399800000,131850.7048600000),(410,138343.7950000000,138499.3779700000),(411,142183.8474200000,141807.5778150000),(412,145047.0496300000,144602.6511800000),(413,148141.1358500000,145870.0262690000),(414,150804.5440400000,150968.1197160000),(415,151572.1948400000,151229.0979780000),(416,153845.5638500000,153407.3569910000),(417,156281.5725200000,154888.4751300000),(418,159081.7075800000,159345.2763980000),(419,160054.4369800000,159755.0470050000),(420,160963.6764500000,160600.0850140000),(421,162983.7812200000,162144.2568600000),(422,163593.2056300000,163907.6245260000),(423,164291.5792300000,164071.1850540000),(424,164720.4763300000,164414.2757910000),(425,165795.8818900000,166048.9823410000),(426,165414.7017700000,165862.4972180000),(427,164987.1917600000,164791.9879840000),(428,165551.7379900000,165314.3050460000),(429,167745.4707100000,166910.2710610000),(430,167444.8073900000,167944.3182230000),(431,166800.5841500000,166625.3412850000),(432,166400.5822500000,166183.4261970000),(433,167868.7418600000,167778.9636440000),(434,167351.0220400000,167852.4971170000),(435,165300.9372600000,165142.9553430000),(436,163173.1672000000,162971.6176000000),(437,162052.6915200000,164519.8098180000),(438,162282.4678900000,162753.7072240000),(439,159873.2483500000,159715.8915280000),(440,158508.9852600000,158326.1384480000),(441,157322.9953800000,159831.4836300000),(442,156034.7450600000,156475.9250840000),(443,154184.7361900000,154025.4471820000),(444,151909.7047300000,151731.4057360000),(445,149563.9571200000,153178.3907120000),(446,147450.9918400000,147853.1481410000),(447,144886.4331500000,144709.2189050000),(448,144196.2748200000,143998.4555710000),(449,141968.1472100000,145363.9964890000),(450,141780.7646100000,142164.3750370000),(451,141069.5342200000,140864.9751310000),(452,139509.7329400000,139301.7020700000),(453,136245.9303000000,140603.8960890000),(454,134839.0375800000,135179.8060830000),(455,133939.9009800000,133722.8415580000),(456,132397.1222600000,132170.9239180000),(457,130735.8315600000,133385.8097060000),(458,129680.7365600000,129973.6580380000),(459,127934.1788300000,127694.3216610000),(460,126098.5435600000,125876.8977610000),(461,124152.3971400000,126994.3479820000),(462,122982.8366000000,123253.6543480000),(463,121416.0290700000,121182.3405920000),(464,121273.3150300000,121042.2592200000),(465,118895.3460300000,122077.0793740000),(466,116621.4356600000,116855.4328220000),(467,114621.0019300000,114391.8998780000),(468,112722.5983000000,112490.9105180000),(469,110092.3410400000,113436.4558730000),(470,109182.4208800000,109384.5785980000),(471,108062.0325100000,107826.9801380000),(472,106621.6184700000,106382.3152630000),(473,105077.2092600000,107261.6946050000),(474,103781.8464100000,103956.2926290000),(475,102060.4423800000,101822.1132950000),(476,99950.0956820000,99727.3854940000),(477,96140.3261890000,92149.7760420000),(478,96103.8849480000,96235.5971740000),(479,94863.8077680000,94621.3110590000),(480,94163.3251380000,93933.3717960000),(481,94541.8333260000,94482.5047650000),(482,94345.4220990000,94538.4967950000),(483,93551.3307070000,93318.0361050000),(484,93084.9583610000,92886.3158400000),(485,92562.2074050000,93382.0122220000),(486,92133.3682590000,92295.5873620000),(487,92075.2708760000,91810.4574440000),(488,91885.3310850000,91657.0403030000),(489,91884.0038940000,92264.7759270000),(490,91606.6217650000,91763.9131320000),(491,89895.0810850000,89618.1416950000),(492,90862.2646830000,90627.4303010000),(493,92034.3551090000,91237.2851010000),(494,93047.3047910000,93200.0084260000),(495,93621.4929890000,93323.0820810000),(496,94251.8734970000,94003.7532420000),(497,94231.8858170000,94622.8778480000),(498,93743.4259370000,93885.7394990000),(499,93150.0518970000,92857.8136640000),(500,93095.0610330000,92851.0259460000),(501,95074.2703010000,93454.4388260000),(502,97327.5503190000,97466.8132740000),(503,97648.1886800000,97312.6448830000),(504,98346.2331080000,98113.7388040000),(505,100813.1652500000,98742.6554080000),(506,101676.4197700000,101840.2749470000),(507,104554.8105000000,104214.4862030000),(508,105554.4674600000,105323.0507900000),(509,107699.7111600000,105971.6515710000),(510,108945.3381200000,109107.1982000000),(511,108562.6433000000,108203.0919670000),(512,110551.4586700000,110312.3664250000),(513,112490.5185000000,111023.1815370000),(514,114131.1811200000,114346.8434090000),(515,114488.9496900000,114123.5227680000),(516,116028.9356900000,115797.6404290000),(517,117379.9280600000,116567.1629510000),(518,118395.3389800000,118633.1675600000),(519,118936.7421000000,118624.0229970000),(520,118483.4841100000,118271.7426410000),(521,118487.1329400000,119065.7007730000),(522,118058.5441900000,118315.4906570000),(523,118414.3281300000,118101.1473190000),(524,117950.9180400000,117781.7352260000),(525,119189.1949300000,118556.1943760000),(526,119197.8974600000,119482.8247370000),(527,118828.6566000000,118526.2208480000),(528,119519.2045600000,119378.4460690000),(529,119637.9986800000,120145.7203590000),(530,118525.2102300000,118821.1057890000),(531,117980.1083300000,117694.0658200000),(532,117242.1027900000,117098.7934600000),(533,117272.6232200000,117846.4992830000),(534,117227.3205300000,117508.0311500000),(535,117970.4053200000,117695.0786230000),(536,118163.5891000000,118013.8535180000),(537,118060.6132900000,118783.0861690000),(538,117885.4509800000,118163.2510030000),(539,118283.6343800000,118006.0954850000),(540,117684.5707100000,117549.0983300000),(541,117145.4570200000,118293.4916670000),(542,117139.3501400000,117393.3663190000),(543,115646.1389700000,115370.5868700000),(544,116170.7528900000,116027.4593060000),(545,115963.8147200000,116762.7800250000),(546,115711.6851800000,115957.9130930000),(547,114908.3568000000,114650.4702360000),(548,114757.5677700000,114621.2470430000),(549,114139.0942000000,115331.6925450000),(550,113999.4551100000,114235.6063490000),(551,113765.7604900000,113520.4318350000),(552,112497.3835000000,112356.9332350000),(553,111458.6626600000,113043.6135120000),(554,110756.6696200000,110982.4848120000),(555,109240.1019400000,108986.7333850000),(556,108155.4579800000,108030.0540870000),(557,107892.7526800000,108669.7299320000),(558,106452.0330400000,106662.2764960000),(559,105438.4392300000,105186.5024640000),(560,105262.2059000000,105139.9130090000),(561,104948.4722800000,105746.7831090000),(562,103244.9026200000,103443.8833110000),(563,101366.3425700000,101124.6493310000),(564,99985.4727630000,99854.4061970000),(565,98852.0689660000,100425.4130980000),(566,98809.6073020000,98988.0876480000),(567,97662.0312860000,97412.9291900000),(568,96666.2264960000,96527.2597700000),(569,95368.0350710000,97081.9948480000),(570,95263.9191350000,95415.0650390000),(571,93053.7677270000,92807.0186630000),(572,91892.2004010000,91759.7853620000),(573,90745.3437520000,81299.4257750000),(574,89493.1030860000,89612.3118430000),(575,88124.3007090000,87871.0550240000),(576,88300.3324120000,88157.7269340000),(577,88414.2791320000,88635.3417800000),(578,88588.6944280000,88542.9933000000),(579,89079.8104950000,88845.1926070000),(580,88523.7569730000,88409.5176010000),(581,88135.8479550000,88806.7868170000),(582,87405.8610350000,87325.3727200000),(583,86808.8078540000,86556.5356930000),(584,86937.4411350000,86795.8316180000),(585,86682.4020890000,87424.1807670000),(586,87011.6692020000,86908.6746470000),(587,85900.9273350000,85629.5746360000),(588,85438.1932680000,85305.3489590000),(589,87178.4920910000,85909.1771600000),(590,87422.6128360000,87324.6506530000),(591,87911.3636950000,87648.9615140000),(592,87558.0500830000,87413.7014170000),(593,87336.3509080000,88023.7326340000),(594,86582.8135960000,86473.6335800000),(595,87176.1666840000,86909.3849070000),(596,87454.9067060000,87316.0961080000),(597,88744.5988390000,87906.1620090000),(598,89835.3845860000,89730.8439840000),(599,90305.8511870000,90012.6372590000),(600,91657.5951820000,91505.4166050000),(601,92955.2758530000,92156.8384560000),(602,93695.3203430000,93593.2955510000),(603,94974.2836910000,94681.7484700000),(604,95573.2982410000,95410.3651070000),(605,97299.2733760000,96079.7480990000),(606,98623.1941430000,98502.0343290000),(607,99562.7872310000,99274.4330470000),(608,98639.3119410000,98480.1065540000),(609,101195.0213700000,99178.9530280000),(610,102102.7070400000,102002.3709390000),(611,102174.9857600000,101894.1753610000),(612,103643.1427200000,103507.1095270000),(613,104641.2123200000,104226.2367890000),(614,104678.0429400000,104591.8946300000),(615,104866.6537700000,104609.1540460000),(616,104773.2510000000,104649.9904930000),(617,104745.2779700000,105385.5568350000),(618,104319.9214000000,104260.4766270000),(619,104420.4558600000,104186.0031470000),(620,103263.9907800000,103127.8335590000),(621,103182.2538600000,103903.2013000000),(622,102925.1902800000,102883.4687990000),(623,103124.4947700000,102898.2026220000),(624,102720.6479000000,102612.9905170000),(625,103655.8647300000,103362.4838890000),(626,103880.6025700000,103839.8272240000),(627,103852.1021100000,103631.2474220000),(628,102983.0117200000,102875.3540640000),(629,103728.1341300000,103615.3042130000),(630,103374.6945600000,103327.7975590000),(631,102764.1817800000,102550.9336310000),(632,103077.0855000000,102952.0989810000),(633,103729.3813800000,103698.2431410000),(634,102969.6234000000,102919.4704820000),(635,102790.2807000000,102583.7381560000),(636,102733.3729900000,102604.2500370000),(637,103025.7124000000,103357.5601160000),(638,102930.3559800000,102884.6302300000),(639,103163.9563300000,102959.5498660000),(640,103339.4055000000,103197.6673690000),(641,102646.0373500000,103969.1768490000),(642,103012.0902000000,102961.4830980000),(643,102590.2497200000,102380.5893450000),(644,102246.7339200000,102113.6622140000),(645,102145.6496800000,102870.2201940000),(646,101688.4870700000,101627.6731450000),(647,100788.8769300000,100583.3735010000),(648,100758.2787600000,100628.3216140000),(649,100282.5960600000,101367.6472460000),(650,99678.4687370000,99618.3546320000),(651,99286.6162720000,99090.7569730000),(652,99076.3137260000,98953.0841970000),(653,96517.6813590000,99656.3590610000),(654,95463.7014380000,95412.1596560000),(655,95600.9164440000,95409.2535160000),(656,95496.3541450000,95374.5320760000),(657,92973.2534380000,96045.6868100000),(658,91716.4318860000,91661.5257230000),(659,90214.3438270000,90024.2675210000),(660,88758.2967880000,88646.3580450000),(661,85877.4087100000,89255.1988570000),(662,85287.8172530000,85229.9546270000),(663,82699.8417810000,82523.3795140000),(664,82824.2475440000,82718.7488130000),(665,82023.1659840000,83250.2096640000),(666,80757.1570270000,80690.3814410000),(667,79495.3450780000,79329.8347740000),(668,78198.8674650000,78099.4644170000),(669,77168.3950700000,105456.3294580000),(670,77039.2308040000,76961.5619910000),(671,76840.5530420000,76664.8775490000),(672,76129.3551100000,76016.4120960000),(673,75782.2961330000,76586.3929210000),(674,75842.8436880000,76161.8853150000),(675,75012.2673640000,75168.8663060000),(676,74315.1874340000,74410.2243500000);
/*!40000 ALTER TABLE `predictions` ENABLE KEYS */;
UNLOCK TABLES;

--
-- Table structure for table `training`
--

DROP TABLE IF EXISTS `training`;
/*!40101 SET @saved_cs_client     = @@character_set_client */;
/*!40101 SET character_set_client = utf8 */;
CREATE TABLE `training` (
  `id` int(11) NOT NULL AUTO_INCREMENT,
  `value` decimal(20,10) DEFAULT NULL,
  PRIMARY KEY (`id`)
) ENGINE=InnoDB AUTO_INCREMENT=1345 DEFAULT CHARSET=utf8 COLLATE=utf8_unicode_ci;
/*!40101 SET character_set_client = @saved_cs_client */;

--
-- Dumping data for table `training`
--

LOCK TABLES `training` WRITE;
/*!40000 ALTER TABLE `training` DISABLE KEYS */;
INSERT INTO `training` VALUES (1,76386.9657340000),(2,75261.2427330000),(3,74498.7599760000),(4,73875.7649040000),(5,73727.9513830000),(6,73403.0477180000),(7,72937.9899100000),(8,72540.6775040000),(9,72814.4398500000),(10,73335.8651350000),(11,73582.5983200000),(12,73412.1022630000),(13,74331.7115770000),(14,74472.8067040000),(15,76420.9598170000),(16,78111.9504710000),(17,80719.8846330000),(18,82156.8074680000),(19,83511.1504510000),(20,85017.1434000000),(21,88650.6301710000),(22,91150.8086040000),(23,94675.9879980000),(24,99049.9407960000),(25,108017.6670100000),(26,113694.6165100000),(27,115439.2138200000),(28,118931.2440000000),(29,122733.9380400000),(30,125820.4133800000),(31,128339.6943200000),(32,131052.2329500000),(33,136004.2978100000),(34,137238.4003400000),(35,139568.7961100000),(36,141468.6197700000),(37,143993.8090900000),(38,144861.0642100000),(39,145885.8554400000),(40,148237.6507100000),(41,148359.9979800000),(42,149302.1036100000),(43,149348.6659500000),(44,150363.0843000000),(45,150632.9384300000),(46,150368.1175100000),(47,150551.0454900000),(48,149946.0103000000),(49,151702.2195600000),(50,153282.2256800000),(51,152916.9695500000),(52,153082.8171700000),(53,152809.2850200000),(54,152994.8073400000),(55,152312.3427700000),(56,150423.5605600000),(57,150412.9364800000),(58,150604.6306300000),(59,150134.0342100000),(60,149735.5429700000),(61,148500.2596600000),(62,147968.8737000000),(63,146698.4052100000),(64,145493.3486500000),(65,142399.9046700000),(66,141338.7019700000),(67,140176.5156800000),(68,139410.1606000000),(69,138814.3663500000),(70,138176.0532300000),(71,137698.1479400000),(72,136260.3550300000),(73,134439.4031500000),(74,133493.2246600000),(75,132946.2276300000),(76,130742.8170500000),(77,129084.8327500000),(78,128456.3609300000),(79,127883.9541000000),(80,126576.1366800000),(81,124322.5310200000),(82,123409.2723000000),(83,122773.9343300000),(84,121653.9522300000),(85,119717.9335900000),(86,118641.7870600000),(87,117821.0666300000),(88,115227.7596600000),(89,113264.6707200000),(90,112293.9239400000),(91,111060.8610000000),(92,110198.2218900000),(93,109333.3891300000),(94,108069.0485000000),(95,106544.3286100000),(96,104818.0951500000),(97,103957.5164600000),(98,102414.0596800000),(99,101553.1291700000),(100,101321.5632000000),(101,100718.6927400000),(102,100981.6702500000),(103,100621.5396200000),(104,100543.5266100000),(105,100169.8465600000),(106,100063.8575200000),(107,99309.6134470000),(108,99629.3018540000),(109,99602.9404820000),(110,98785.3923390000),(111,98010.1768900000),(112,98900.9278730000),(113,101155.1916900000),(114,101536.5115100000),(115,101967.0906900000),(116,103343.8619200000),(117,104530.0600400000),(118,105639.5472200000),(119,108065.1018200000),(120,110479.8923900000),(121,116437.1551500000),(122,120558.7085800000),(123,122836.8918500000),(124,126165.9332100000),(125,130262.9782100000),(126,133029.7624800000),(127,135452.8898400000),(128,138035.3291300000),(129,141260.2012200000),(130,143727.3654400000),(131,145237.4690100000),(132,147018.9076400000),(133,150503.9371000000),(134,151621.9249500000),(135,152506.4939200000),(136,154070.1188400000),(137,155706.1930900000),(138,157291.9050500000),(139,157159.5729300000),(140,157668.5308000000),(141,157104.9513800000),(142,157461.4323200000),(143,159177.1319100000),(144,159597.0301400000),(145,160557.5979100000),(146,161152.5012200000),(147,161707.8523100000),(148,161384.8332300000),(149,161031.2741400000),(150,161170.7809700000),(151,160280.7263700000),(152,158114.4820100000),(153,158649.4026500000),(154,159360.5925900000),(155,158467.3628900000),(156,158359.9648300000),(157,158073.3172000000),(158,157671.8082700000),(159,155434.7180200000),(160,154427.5692500000),(161,153036.3560700000),(162,150553.2521600000),(163,148553.1159500000),(164,147769.8207300000),(165,147254.1018600000),(166,146020.4850700000),(167,145243.2580100000),(168,142875.5417700000),(169,140484.7053900000),(170,140227.0514200000),(171,139454.7675900000),(172,138112.3133100000),(173,135673.4639400000),(174,134788.8344300000),(175,134036.8008800000),(176,131688.6296300000),(177,129906.8222400000),(178,129758.1971400000),(179,128252.0001100000),(180,126854.9809800000),(181,125018.5700200000),(182,123705.3281600000),(183,122325.4004300000),(184,119740.0197600000),(185,118834.6108700000),(186,117394.0395100000),(187,115304.4240800000),(188,114358.8383500000),(189,113489.7303500000),(190,112837.7420600000),(191,112098.1844800000),(192,109215.7943200000),(193,106190.2721500000),(194,104540.1116500000),(195,103638.6631900000),(196,102799.1523600000),(197,103832.1240000000),(198,103133.2541900000),(199,102760.8569200000),(200,103001.6443500000),(201,102508.2597500000),(202,102212.4195200000),(203,101814.1438600000),(204,102571.4794700000),(205,101752.4142500000),(206,101310.5741500000),(207,99996.2208810000),(208,99908.7388380000),(209,102443.3380200000),(210,104087.2160200000),(211,104374.9148600000),(212,104611.8119000000),(213,107384.4135100000),(214,108224.6642600000),(215,110978.4932800000),(216,112626.4713200000),(217,118561.5933600000),(218,122355.4601400000),(219,124799.0431600000),(220,127923.9740700000),(221,132216.0663000000),(222,135334.8984700000),(223,137976.8047400000),(224,140763.2733500000),(225,144653.6891000000),(226,147223.6452200000),(227,147859.6284900000),(228,150010.4873600000),(229,153838.9007800000),(230,155399.5712200000),(231,156593.6924900000),(232,157744.7385200000),(233,160115.8427500000),(234,160606.9313000000),(235,159297.0902100000),(236,158395.3214800000),(237,158918.7032800000),(238,158279.8642800000),(239,159938.0157500000),(240,160696.8457900000),(241,162138.6093400000),(242,162376.8457200000),(243,162802.6863400000),(244,162680.9987100000),(245,163428.5659500000),(246,163328.2069500000),(247,161854.5803400000),(248,159829.5002000000),(249,160016.9764900000),(250,162153.2386000000),(251,161359.3368700000),(252,160313.0062800000),(253,158589.9480900000),(254,158737.4987000000),(255,157577.4675700000),(256,156543.6674100000),(257,154157.8271700000),(258,151829.8249400000),(259,149296.6973200000),(260,149158.2193900000),(261,149023.7258900000),(262,147425.1587100000),(263,146616.4224600000),(264,146058.0978800000),(265,142621.4294700000),(266,141507.5890100000),(267,140989.6435600000),(268,139323.5440900000),(269,136946.6789800000),(270,136566.5729900000),(271,135485.7531200000),(272,134125.3329900000),(273,132466.2252900000),(274,131192.3158900000),(275,129375.0984500000),(276,129659.0454100000),(277,126424.0228300000),(278,124718.8468000000),(279,123147.9549300000),(280,120139.9202000000),(281,117376.8746800000),(282,116970.9287200000),(283,115490.4184500000),(284,114795.0127500000),(285,113259.2813500000),(286,112361.4934200000),(287,111555.3143500000),(288,109824.1988900000),(289,107795.2674500000),(290,107049.1725800000),(291,105894.0998600000),(292,105057.5600300000),(293,105609.9548200000),(294,105461.1014100000),(295,104497.7264000000),(296,104559.5500000000),(297,105039.5726500000),(298,104516.5828900000),(299,104490.6314600000),(300,104781.7176800000),(301,104808.6043000000),(302,103812.4803300000),(303,102464.8485100000),(304,103771.0515500000),(305,105599.7704400000),(306,107288.8505800000),(307,107567.3482100000),(308,107815.3429900000),(309,108710.7476000000),(310,109876.5811000000),(311,112475.2035700000),(312,114968.6842100000),(313,121653.4813800000),(314,125423.8660600000),(315,128167.4725700000),(316,131049.6769500000),(317,135705.0321900000),(318,138015.3733500000),(319,141599.4191100000),(320,145790.1096100000),(321,149097.0339600000),(322,151398.7047400000),(323,152532.5843900000),(324,155316.3178400000),(325,157888.8099900000),(326,158787.3681100000),(327,161042.4597100000),(328,161754.4262600000),(329,162314.1764300000),(330,164301.5771300000),(331,164099.6491000000),(332,163641.0235800000),(333,164111.7267200000),(334,163562.5867200000),(335,163622.6566900000),(336,164493.6330400000),(337,165095.6716600000),(338,166435.0665600000),(339,166620.4975800000),(340,166376.7752700000),(341,166067.1002800000),(342,165822.3654600000),(343,165203.4929900000),(344,163455.0694000000),(345,162089.3179100000),(346,161871.4836300000),(347,161597.4005200000),(348,160643.3236100000),(349,159013.6876100000),(350,157689.4878000000),(351,157027.6053600000),(352,156022.3642100000),(353,154372.2439000000),(354,153114.5544000000),(355,151791.4871700000),(356,150038.3509300000),(357,148468.8615900000),(358,147291.9739800000),(359,146498.0855600000),(360,145084.1162900000),(361,142835.1559000000),(362,142086.3170200000),(363,141276.0472800000),(364,140133.3296200000),(365,138054.6935100000),(366,136639.2969300000),(367,135693.1099500000),(368,133444.3658000000),(369,130985.3531000000),(370,129878.5603100000),(371,129361.3324500000),(372,127931.5565300000),(373,126854.8495600000),(374,125570.5970700000),(375,123557.3105100000),(376,120180.6480000000),(377,119343.6440800000),(378,118053.4444900000),(379,116129.7824100000),(380,115826.6803400000),(381,113924.0395500000),(382,112699.8098100000),(383,111828.1356400000),(384,109909.5656400000),(385,105593.3162100000),(386,104593.5084200000),(387,103648.9619200000),(388,103097.6144100000),(389,103681.5910900000),(390,103169.5676500000),(391,103000.1306000000),(392,102237.2456800000),(393,102230.7063300000),(394,101710.8628800000),(395,101356.3973600000),(396,101727.8320900000),(397,101311.4021500000),(398,101473.9585700000),(399,100513.7737000000),(400,100909.5970000000),(401,103082.4807200000),(402,104148.2151500000),(403,104149.4576500000),(404,103325.4803600000),(405,103966.6880200000),(406,104832.6919900000),(407,104159.6608100000),(408,102265.1349100000),(409,105454.1976200000),(410,107453.9072000000),(411,106809.3307700000),(412,107585.3212000000),(413,110044.2972500000),(414,110952.4432500000),(415,111991.9672600000),(416,112244.8851400000),(417,113552.9439700000),(418,114388.8790900000),(419,114206.6708900000),(420,115343.0145500000),(421,117340.8606600000),(422,119295.8430800000),(423,120748.2129100000),(424,121435.0235500000),(425,122675.2085400000),(426,123400.7211200000),(427,124271.0288800000),(428,124315.4267300000),(429,124271.4566400000),(430,124785.4478200000),(431,124617.7441200000),(432,125638.9562700000),(433,126773.5706900000),(434,127332.7536500000),(435,127810.2322000000),(436,126910.3857100000),(437,126120.9602200000),(438,126363.6360900000),(439,126129.7220000000),(440,125326.4691400000),(441,125436.5794800000),(442,127082.4977000000),(443,127049.6520600000),(444,125611.6186900000),(445,125315.8097000000),(446,125426.3284200000),(447,125472.6061100000),(448,124287.5906800000),(449,123216.6375300000),(450,122335.7189400000),(451,121794.4743500000),(452,122092.4963400000),(453,120647.2196500000),(454,120493.0864200000),(455,120794.4927800000),(456,120366.8873800000),(457,119107.0880300000),(458,118417.6120900000),(459,118143.3450100000),(460,116833.0740200000),(461,116508.2286400000),(462,116382.2480100000),(463,114827.2037100000),(464,115321.1275400000),(465,114818.5654600000),(466,114272.6103600000),(467,113112.2936700000),(468,112924.0666500000),(469,111724.8809900000),(470,111008.7926100000),(471,109052.7521600000),(472,106462.2535600000),(473,106048.6819900000),(474,104249.5500700000),(475,103214.2731100000),(476,102201.9791900000),(477,101280.1088800000),(478,99981.5855700000),(479,98678.2938210000),(480,96988.0449420000),(481,94474.2223680000),(482,94044.2009550000),(483,92873.8017810000),(484,91668.2999910000),(485,92524.2484720000),(486,92573.9752870000),(487,93210.2155370000),(488,92566.0605110000),(489,92209.8974110000),(490,91595.7078160000),(491,91833.9755790000),(492,91498.3861790000),(493,91327.1192470000),(494,90730.3259430000),(495,89527.6706590000),(496,90685.0081390000),(497,92041.6484660000),(498,92757.4333580000),(499,93616.4648630000),(500,93444.2753880000),(501,93889.4568350000),(502,94706.0584060000),(503,94515.5622810000),(504,93837.1228470000),(505,96775.5843230000),(506,98070.8711250000),(507,97850.6391270000),(508,98736.6163960000),(509,100677.3989200000),(510,101204.0977700000),(511,101759.0072700000),(512,102630.7945300000),(513,105124.5714700000),(514,106137.7763100000),(515,106514.6375600000),(516,107403.5458200000),(517,109330.8146600000),(518,111227.4498700000),(519,111503.2420800000),(520,112947.0290000000),(521,114384.9163600000),(522,115849.8999300000),(523,116148.5776400000),(524,116115.4558900000),(525,115601.4895200000),(526,117259.0192700000),(527,117371.0610100000),(528,118558.1439000000),(529,119503.9187200000),(530,119596.4841500000),(531,119586.0684000000),(532,119423.2970800000),(533,120334.9053200000),(534,119527.5584500000),(535,119397.5960800000),(536,118372.2899500000),(537,118561.9130500000),(538,119549.7664300000),(539,120137.4290900000),(540,119901.1165500000),(541,119688.5931500000),(542,119086.6292600000),(543,120030.3760900000),(544,119731.7253000000),(545,119192.2644000000),(546,118437.5906600000),(547,118078.7787600000),(548,118249.4714900000),(549,118228.2576200000),(550,118156.9990200000),(551,118412.6595100000),(552,118099.5548000000),(553,116935.2680100000),(554,116912.3810500000),(555,116901.6054200000),(556,116884.9479500000),(557,116126.5916500000),(558,115365.7284800000),(559,114366.9152700000),(560,112952.9705700000),(561,112039.6081600000),(562,111456.3880500000),(563,110997.7645300000),(564,110203.0135400000),(565,108675.0856900000),(566,107924.4257600000),(567,106242.9861800000),(568,103980.8598200000),(569,102490.0748800000),(570,102807.5233900000),(571,101170.0340100000),(572,101114.3279500000),(573,99962.6146770000),(574,99017.3056560000),(575,96862.6759890000),(576,95209.9125760000),(577,91533.4825000000),(578,91400.6863680000),(579,90634.8675550000),(580,90149.7580920000),(581,90423.3359800000),(582,89778.4916200000),(583,89927.6601540000),(584,89626.4693790000),(585,89677.4286360000),(586,88937.2888590000),(587,88964.3719120000),(588,89252.5146940000),(589,88834.5122410000),(590,88292.7764720000),(591,87358.0847690000),(592,88109.1889280000),(593,89704.5127170000),(594,90804.3503000000),(595,91357.6433980000),(596,90800.0688920000),(597,91451.8970850000),(598,91149.8466050000),(599,91136.5800940000),(600,89942.9919320000),(601,91403.5556590000),(602,92562.6283720000),(603,93524.2722610000),(604,95450.9272490000),(605,97131.7988190000),(606,98054.8733600000),(607,98845.6774100000),(608,99810.5939280000),(609,100825.5888900000),(610,102394.9595900000),(611,102862.6525800000),(612,105058.5203100000),(613,106713.5343500000),(614,107790.7177100000),(615,108634.6515000000),(616,109311.9801600000),(617,110992.1127100000),(618,112264.2421000000),(619,111925.1205700000),(620,113620.3529300000),(621,114629.4721000000),(622,114134.2033500000),(623,114340.2883500000),(624,114998.4859900000),(625,115356.3423200000),(626,116073.4437900000),(627,116471.6020200000),(628,116245.0009300000),(629,116334.6451500000),(630,116363.0117800000),(631,116190.5365500000),(632,114749.8235400000),(633,115101.7081500000),(634,116224.1712100000),(635,115732.6714600000),(636,115840.3666300000),(637,115972.6510900000),(638,115848.3635700000),(639,116006.6288700000),(640,115701.2153200000),(641,115433.0825800000),(642,114434.6724100000),(643,113271.4145100000),(644,114561.8913900000),(645,114691.5481900000),(646,114495.9977400000),(647,114742.3450600000),(648,114812.9853000000),(649,114648.3243700000),(650,114493.6825900000),(651,113784.9622500000),(652,113739.2757300000),(653,113073.0725700000),(654,112130.0488900000),(655,111954.9494900000),(656,111211.4840500000),(657,110382.3242200000),(658,109718.0124900000),(659,110212.6824600000),(660,109154.8014100000),(661,107407.7651800000),(662,105989.9771300000),(663,104449.2717900000),(664,101169.0378900000),(665,96115.7495710000),(666,94446.0827100000),(667,92855.3505100000),(668,91181.8495740000),(669,89625.1456990000),(670,88848.3492790000),(671,87053.3083140000),(672,84508.5271610000),(673,81797.9063650000),(674,82433.0731410000),(675,81795.5052480000),(676,81163.0223900000),(677,80772.0159130000),(678,80465.3922960000),(679,80013.0335960000),(680,79182.5385920000),(681,79940.4175970000),(682,79441.2811360000),(683,79513.3652470000),(684,79758.2952570000),(685,81392.7835980000),(686,82283.2904080000),(687,84314.3624480000),(688,84534.2974250000),(689,86582.2424900000),(690,89190.0361190000),(691,91762.0650210000),(692,92288.9114440000),(693,94586.6096580000),(694,96620.0587510000),(695,100833.3021500000),(696,104689.4826300000),(697,113857.8472700000),(698,119147.4231700000),(699,122706.2506100000),(700,126630.5368400000),(701,130659.1724900000),(702,135169.5840600000),(703,139519.9256300000),(704,141524.2957600000),(705,144892.2632500000),(706,147660.3245700000),(707,148299.8612300000),(708,150789.5444300000),(709,153625.4054800000),(710,154409.0408000000),(711,156503.8869600000),(712,158491.2549800000),(713,160517.6727700000),(714,161309.1427800000),(715,161152.8558500000),(716,161943.6352300000),(717,161293.5685500000),(718,161434.6860800000),(719,161901.1479900000),(720,162194.2864600000),(721,164087.9265300000),(722,164479.8646700000),(723,164579.9008000000),(724,165268.5082400000),(725,165133.7730400000),(726,164182.4092600000),(727,164054.2593100000),(728,164080.3005400000),(729,164016.8643200000),(730,164504.8794700000),(731,164565.8752200000),(732,164416.6446900000),(733,162109.4784100000),(734,160858.9253600000),(735,160464.5679100000),(736,158596.2054000000),(737,156198.1840500000),(738,154524.8830100000),(739,152223.4801000000),(740,150833.3310600000),(741,150573.6755300000),(742,149199.5033100000),(743,148223.6115600000),(744,146153.6502600000),(745,143783.8123300000),(746,143247.3046200000),(747,142009.7070200000),(748,139984.1929600000),(749,137644.5175500000),(750,136822.3483000000),(751,136017.9500800000),(752,133349.5600800000),(753,131843.7142800000),(754,130851.7977800000),(755,129059.7978900000),(756,128151.7765800000),(757,125419.5325800000),(758,124230.1875500000),(759,121745.9370400000),(760,118704.8582800000),(761,117169.8764000000),(762,116420.5382700000),(763,114994.3376200000),(764,114899.8187700000),(765,114027.2075300000),(766,112798.2687600000),(767,111384.6054200000),(768,110083.9206100000),(769,104312.8972300000),(770,103198.2124200000),(771,102196.1494700000),(772,101159.1673100000),(773,101497.6323400000),(774,101151.9420100000),(775,101127.9409700000),(776,100939.8356800000),(777,100003.4941100000),(778,99455.2678720000),(779,100007.1373800000),(780,99986.1685820000),(781,100284.9716600000),(782,99808.4363900000),(783,98742.4280340000),(784,98844.8580310000),(785,101170.4613200000),(786,102580.0221500000),(787,103162.2280500000),(788,104343.9674300000),(789,105821.0476700000),(790,108308.1791600000),(791,110675.2456700000),(792,112404.3188800000),(793,118274.6654300000),(794,122359.1226600000),(795,126040.5481600000),(796,128198.6056800000),(797,132626.0864000000),(798,136301.2229400000),(799,140132.6392500000),(800,143691.1945500000),(801,148657.3882000000),(802,151174.1875300000),(803,152603.6245800000),(804,154408.1346200000),(805,157489.5059300000),(806,160043.8794200000),(807,162458.7974700000),(808,162754.5156200000),(809,163285.9283900000),(810,164087.2856200000),(811,164519.1560000000),(812,165257.5230300000),(813,164893.7203000000),(814,165405.6461600000),(815,165314.4177300000),(816,165684.5828700000),(817,166958.7915200000),(818,167362.1154300000),(819,168359.2020100000),(820,169029.2977800000),(821,169626.5088400000),(822,168004.1309700000),(823,167305.3636900000),(824,165109.8961500000),(825,165311.3147000000),(826,164917.9052700000),(827,164099.8013400000),(828,163503.6470900000),(829,161210.3790300000),(830,159673.8912600000),(831,159283.4078900000),(832,157966.0188500000),(833,155636.6805400000),(834,153017.0487700000),(835,151995.5605500000),(836,151389.5599200000),(837,150192.6239700000),(838,149324.2800100000),(839,147809.7879200000),(840,145354.6861000000),(841,143687.9291800000),(842,142992.8889300000),(843,141715.6202800000),(844,140518.1172700000),(845,138468.4176600000),(846,136642.0461500000),(847,135876.1934400000),(848,134787.8431400000),(849,132998.3883700000),(850,131176.4597900000),(851,130075.1101600000),(852,129071.8864500000),(853,126709.2427700000),(854,125259.4785400000),(855,123560.8456800000),(856,120879.0018500000),(857,118171.4538300000),(858,116459.2796300000),(859,114529.9580200000),(860,114751.7772400000),(861,113044.8396900000),(862,111688.9464200000),(863,110055.6297300000),(864,108244.5716600000),(865,108369.4231600000),(866,107017.1726700000),(867,106109.6862200000),(868,105517.0527200000),(869,105585.8719700000),(870,104761.4827300000),(871,105276.5508500000),(872,104946.5682600000),(873,103102.3020500000),(874,102876.6358100000),(875,104331.4432000000),(876,104257.7718800000),(877,104716.0083200000),(878,104097.3245000000),(879,102169.0366100000),(880,102303.0308700000),(881,105415.2074100000),(882,107202.3430400000),(883,107808.1073000000),(884,108016.0185500000),(885,110161.7790000000),(886,111597.6849500000),(887,112721.5514600000),(888,114695.9088200000),(889,119917.0833400000),(890,124083.4319900000),(891,127372.1088300000),(892,130890.5007900000),(893,135595.3435600000),(894,139746.9071200000),(895,143376.2594300000),(896,146340.4082300000),(897,149677.6192300000),(898,151922.2335000000),(899,153205.8692300000),(900,155412.9641700000),(901,157803.9552600000),(902,160220.0587000000),(903,162544.7045200000),(904,163244.5290200000),(905,164903.8202400000),(906,165699.8928400000),(907,166134.8741000000),(908,166169.1887600000),(909,166059.3088700000),(910,165797.5087400000),(911,167281.2239100000),(912,168294.7062400000),(913,169579.1498700000),(914,170764.2638300000),(915,170315.8295500000),(916,170286.9241200000),(917,170873.2055400000),(918,170818.6054800000),(919,170336.4867300000),(920,169113.1371100000),(921,168383.0277000000),(922,167904.4412200000),(923,166460.6958500000),(924,165366.4134900000),(925,164678.3975000000),(926,163190.9946900000),(927,162469.7042700000),(928,161899.3267100000),(929,158413.9126600000),(930,157376.6867600000),(931,155671.8221800000),(932,153483.3601700000),(933,152408.4237600000),(934,152550.2678300000),(935,151223.7379300000),(936,148741.6716100000),(937,146463.2442900000),(938,144511.1528500000),(939,143316.4232100000),(940,142977.3917900000),(941,140606.6261600000),(942,138997.1383400000),(943,137956.6911400000),(944,136355.3704000000),(945,133942.9437300000),(946,132345.4494100000),(947,131229.9561400000),(948,130224.1603200000),(949,129227.7074600000),(950,127286.5301500000),(951,126100.9458700000),(952,123286.9812500000),(953,120233.8544500000),(954,120464.2336500000),(955,119961.0938900000),(956,118725.5024100000),(957,116269.2177100000),(958,115322.0413200000),(959,114757.6674700000),(960,112130.1457900000),(961,107644.0986300000),(962,107002.6426100000),(963,105864.8581400000),(964,104763.5038900000),(965,105749.4791700000),(966,105360.9145900000),(967,104723.5248800000),(968,104128.4397600000),(969,104236.3033000000),(970,103333.4468700000),(971,103134.3922300000),(972,103112.9497900000),(973,102932.6311200000),(974,102744.1473500000),(975,101652.0337900000),(976,101720.6103500000),(977,103533.9666800000),(978,105400.7157600000),(979,106428.6025900000),(980,107308.9466500000),(981,108886.4899100000),(982,111410.9638400000),(983,113236.3253200000),(984,114717.5810400000),(985,119419.5451000000),(986,123595.2555600000),(987,125626.7822600000),(988,129805.7194600000),(989,134153.1179800000),(990,136524.5307300000),(991,139909.7776500000),(992,142058.3995200000),(993,145654.0421200000),(994,147870.0153500000),(995,147396.7343300000),(996,149406.8728200000),(997,152047.5431700000),(998,153673.1311400000),(999,153568.1789600000),(1000,155154.4989900000),(1001,155794.8843200000),(1002,156890.5957500000),(1003,157682.4946200000),(1004,158027.0633500000),(1005,156696.5197500000),(1006,157452.8014700000),(1007,156836.7254900000),(1008,157030.9115500000),(1009,159834.1772100000),(1010,159813.3623400000),(1011,159695.1996700000),(1012,158305.7404600000),(1013,157765.6476000000),(1014,158227.4937400000),(1015,158302.1629300000),(1016,155955.5427400000),(1017,156407.8242500000),(1018,156144.0077800000),(1019,154655.8893200000),(1020,154588.8795400000),(1021,153439.7505300000),(1022,152202.5947200000),(1023,149900.5587000000),(1024,148587.6765500000),(1025,147315.6949100000),(1026,146485.3362500000),(1027,142597.6023400000),(1028,142542.3572200000),(1029,141978.2525500000),(1030,140384.5726600000),(1031,138301.6381600000),(1032,137238.6410500000),(1033,135010.5145900000),(1034,133664.7257600000),(1035,133224.2853100000),(1036,132836.3600200000),(1037,130275.0261700000),(1038,129159.3722500000),(1039,127274.2550100000),(1040,127316.4938100000),(1041,124617.1060600000),(1042,123745.8028000000),(1043,123050.3126100000),(1044,122209.3008100000),(1045,120899.8635800000),(1046,119105.8196800000),(1047,117281.7928200000),(1048,114502.6929000000),(1049,113236.6049200000),(1050,113217.6319300000),(1051,111545.9148800000),(1052,110093.0535600000),(1053,107874.9750500000),(1054,107874.2368600000),(1055,106268.7297600000),(1056,104209.6275700000),(1057,103374.8225500000),(1058,102817.5614500000),(1059,102662.8388400000),(1060,100993.7314100000),(1061,101245.4197400000),(1062,100978.9835500000),(1063,101168.9163900000),(1064,100819.8060000000),(1065,100560.1635400000),(1066,100408.8200400000),(1067,100595.5299400000),(1068,100743.3674100000),(1069,101018.2718500000),(1070,100999.3589100000),(1071,100035.0737800000),(1072,100502.6731500000),(1073,103229.6890700000),(1074,104085.1379100000),(1075,105088.5606600000),(1076,106104.7178800000),(1077,107348.1919300000),(1078,109194.6693900000),(1079,110557.5111800000),(1080,111885.8301700000),(1081,117775.3025500000),(1082,122023.8802400000),(1083,123811.7680300000),(1084,126706.6818500000),(1085,132115.7695000000),(1086,135136.5670900000),(1087,136685.3358100000),(1088,138774.8394800000),(1089,141815.4706100000),(1090,143536.8505300000),(1091,145013.1680600000),(1092,146766.6003000000),(1093,148777.8049000000),(1094,150239.7596300000),(1095,151977.8503600000),(1096,152430.2576800000),(1097,153274.8710500000),(1098,153473.4762700000),(1099,154105.6527800000),(1100,154015.3850100000),(1101,153634.3239000000),(1102,153092.6778900000),(1103,154153.1713300000),(1104,154741.4565300000),(1105,155934.2125800000),(1106,157024.6624500000),(1107,156620.0431600000),(1108,155825.7520900000),(1109,155512.9991900000),(1110,156069.9278500000),(1111,155258.9841500000),(1112,152668.0563100000),(1113,152267.1181900000),(1114,153073.6582700000),(1115,152184.9537700000),(1116,150829.9652900000),(1117,150321.7939200000),(1118,149335.6231300000),(1119,147334.8480400000),(1120,145920.3894100000),(1121,143743.3445100000),(1122,143360.8549600000),(1123,140879.5337600000),(1124,140324.7741500000),(1125,140186.1198300000),(1126,139173.6765400000),(1127,137669.2571100000),(1128,136186.0973600000),(1129,134674.3527400000),(1130,133405.6318600000),(1131,132258.3614400000),(1132,131669.4670200000),(1133,129471.0158700000),(1134,128298.7649900000),(1135,127567.7359300000),(1136,125662.1065400000),(1137,124081.4824700000),(1138,122490.6862400000),(1139,121306.0226600000),(1140,120563.6457900000),(1141,119077.9018700000),(1142,117968.3555800000),(1143,116003.7327700000),(1144,112112.0746200000),(1145,111949.4865900000),(1146,112289.5806700000),(1147,111528.5038300000),(1148,110522.8165000000),(1149,109249.0508900000),(1150,108264.5906200000),(1151,106898.5773800000),(1152,105225.0897800000),(1153,102038.5883000000),(1154,101091.3285000000),(1155,100697.0202500000),(1156,99926.8676320000),(1157,99845.4686570000),(1158,100008.6646900000),(1159,99717.5355280000),(1160,99214.3951530000),(1161,98668.0441860000),(1162,98349.4303760000),(1163,98382.8603520000),(1164,98706.8651810000),(1165,98800.0902340000),(1166,98654.5362570000),(1167,97875.3747320000),(1168,97871.3183300000),(1169,99535.3346470000),(1170,101365.2436700000),(1171,101679.2017300000),(1172,100985.2324800000),(1173,100556.5941100000),(1174,100396.0675000000),(1175,99913.3419690000),(1176,98548.8699750000),(1177,99317.4514190000),(1178,100872.1406800000),(1179,101541.2758200000),(1180,102276.0633900000),(1181,103609.7981900000),(1182,103932.7979800000),(1183,103287.4729800000),(1184,103728.7456400000),(1185,104842.0170600000),(1186,105883.0584400000),(1187,105916.2973200000),(1188,107649.4999100000),(1189,109573.2071600000),(1190,110770.0557000000),(1191,111934.8722200000),(1192,112063.1767400000),(1193,113212.8130300000),(1194,115486.3905600000),(1195,116055.2823100000),(1196,116036.9134900000),(1197,116155.2731700000),(1198,115656.9519100000),(1199,114769.4155300000),(1200,115665.7839300000),(1201,117107.2205900000),(1202,116880.3006300000),(1203,117399.7336000000),(1204,116208.5920600000),(1205,114830.6133600000),(1206,115768.1355000000),(1207,115014.3088700000),(1208,112985.9219100000),(1209,113737.8258700000),(1210,114955.5837200000),(1211,113418.0444600000),(1212,113766.6742800000),(1213,112965.6111800000),(1214,113097.6622300000),(1215,113250.1164200000),(1216,113445.5505300000),(1217,111294.4763800000),(1218,111449.5382500000),(1219,110306.7270500000),(1220,110801.9427400000),(1221,110804.2217700000),(1222,111674.2724000000),(1223,111482.8461500000),(1224,111205.7908000000),(1225,111073.3754400000),(1226,110243.9100600000),(1227,110051.3959200000),(1228,110375.4376500000),(1229,110264.9198600000),(1230,110767.0913500000),(1231,109685.4204500000),(1232,108450.8293000000),(1233,107208.0096500000),(1234,106241.0343500000),(1235,106097.0014600000),(1236,105643.8170800000),(1237,104535.5091400000),(1238,103541.6644800000),(1239,101959.8161500000),(1240,100071.2885100000),(1241,99147.0908660000),(1242,98472.6804900000),(1243,98086.9128700000),(1244,97116.1784030000),(1245,96520.3882940000),(1246,95393.9603660000),(1247,93405.5835230000),(1248,91634.6818670000),(1249,88896.7318410000),(1250,88196.3446880000),(1251,86982.2623780000),(1252,86785.5260850000),(1253,87116.4162170000),(1254,87091.2108210000),(1255,86447.9678050000),(1256,86466.2689400000),(1257,86252.4030680000),(1258,86207.3435510000),(1259,86500.6758190000),(1260,86116.4341750000),(1261,86066.6236190000),(1262,86015.2347290000),(1263,85444.5108200000),(1264,86117.5488260000),(1265,86819.4061510000),(1266,88158.6265420000),(1267,89454.0731340000),(1268,89570.7278350000),(1269,89567.4041920000),(1270,89161.7371070000),(1271,88639.6397830000),(1272,87851.5591140000),(1273,89489.5943600000),(1274,90261.8153800000),(1275,90586.5971580000),(1276,91760.0510660000),(1277,95462.6216280000),(1278,95781.7119320000),(1279,95736.4100830000),(1280,96633.5973330000),(1281,98500.8511530000),(1282,99236.1746660000),(1283,99213.1765830000),(1284,100152.3562100000),(1285,102117.0058200000),(1286,104079.6856900000),(1287,105133.7461000000),(1288,105686.1052100000),(1289,106716.5013400000),(1290,108164.9142600000),(1291,108137.5739100000),(1292,108109.2745700000),(1293,108853.0375300000),(1294,108875.9961000000),(1295,108822.3054700000),(1296,109122.1245700000),(1297,111124.0038100000),(1298,111431.1372000000),(1299,112096.6401200000),(1300,112454.9451200000),(1301,112364.4650900000),(1302,112599.1571000000),(1303,112663.3522800000),(1304,112142.3273400000),(1305,112632.3226300000),(1306,113146.9087700000),(1307,113419.0423500000),(1308,112792.5304900000),(1309,113531.7496000000),(1310,113558.1613600000),(1311,113049.3877500000),(1312,112512.2129200000),(1313,113421.5744900000),(1314,112397.3850100000),(1315,110677.4767800000),(1316,111029.2651900000),(1317,111781.0204800000),(1318,111424.9307800000),(1319,111979.7185100000),(1320,112420.4516400000),(1321,111660.7482400000),(1322,110869.0356000000),(1323,110807.5754500000),(1324,110294.4341900000),(1325,109925.1955900000),(1326,109019.7172600000),(1327,108102.1079300000),(1328,107710.3794600000),(1329,108462.5910500000),(1330,107778.8456200000),(1331,106949.7409300000),(1332,106164.5792800000),(1333,104761.7965800000),(1334,102360.4310400000),(1335,99123.8317540000),(1336,97198.8930990000),(1337,93175.8730140000),(1338,91123.3159210000),(1339,89190.6316580000),(1340,87600.5239710000),(1341,85423.6185150000),(1342,83719.0082230000),(1343,82404.3803140000),(1344,80959.6342150000);
/*!40000 ALTER TABLE `training` ENABLE KEYS */;
UNLOCK TABLES;
/*!40103 SET TIME_ZONE=@OLD_TIME_ZONE */;

/*!40101 SET SQL_MODE=@OLD_SQL_MODE */;
/*!40014 SET FOREIGN_KEY_CHECKS=@OLD_FOREIGN_KEY_CHECKS */;
/*!40014 SET UNIQUE_CHECKS=@OLD_UNIQUE_CHECKS */;
/*!40101 SET CHARACTER_SET_CLIENT=@OLD_CHARACTER_SET_CLIENT */;
/*!40101 SET CHARACTER_SET_RESULTS=@OLD_CHARACTER_SET_RESULTS */;
/*!40101 SET COLLATION_CONNECTION=@OLD_COLLATION_CONNECTION */;
/*!40111 SET SQL_NOTES=@OLD_SQL_NOTES */;

-- Dump completed on 2017-05-02 19:09:37
